,predictions,labels,epoch
0,0,1,0
0,0,1,0
0,0,0,0
0,1,0,0
0,0,1,0
1,1,1,0
1,1,1,0
1,1,1,0
1,1,1,0
1,1,1,0
2,1,1,0
2,1,1,0
2,1,1,0
2,1,1,0
2,1,1,0
3,1,0,0
3,1,0,0
3,1,1,0
3,1,1,0
3,1,0,0
4,1,0,0
4,1,0,0
4,1,0,0
4,1,0,0
4,1,0,0
5,1,0,0
5,1,0,0
5,1,0,0
5,1,0,0
5,1,0,0
6,0,0,0
6,0,0,0
6,0,0,0
6,0,0,0
6,0,0,0
7,0,0,0
7,0,0,0
7,0,0,0
7,0,0,0
7,0,0,0
8,0,0,0
8,0,0,0
8,0,0,0
8,0,0,0
8,0,0,0
9,0,0,0
9,0,0,0
9,0,0,0
9,0,0,0
9,0,0,0
10,0,0,0
10,0,0,0
10,0,0,0
10,0,0,0
10,0,0,0
11,0,0,0
11,0,0,0
11,0,0,0
11,0,0,0
11,0,0,0
12,0,0,0
12,0,0,0
12,0,0,0
12,0,0,0
12,0,0,0
13,0,0,0
13,0,0,0
13,0,0,0
13,0,0,0
13,0,0,0
14,0,0,0
14,0,0,0
14,0,0,0
14,0,0,0
14,0,0,0
15,0,0,0
15,0,0,0
15,0,0,0
15,0,0,0
15,0,0,0
16,0,0,0
16,0,0,0
16,0,0,0
16,0,0,0
16,0,0,0
17,0,0,0
17,0,0,0
17,0,0,0
17,0,0,0
17,0,0,0
18,0,0,0
18,0,0,0
18,0,0,0
18,0,0,0
18,0,0,0
19,0,0,0
19,0,0,0
19,0,0,0
19,0,0,0
19,0,0,0
20,0,0,0
20,0,0,0
20,0,0,0
20,0,0,0
20,0,0,0
21,0,0,0
21,0,0,0
21,0,0,0
21,0,0,0
21,0,1,0
22,0,1,0
22,0,1,0
22,0,1,0
22,0,0,0
22,0,0,0
23,0,0,0
23,0,0,0
23,0,0,0
23,0,0,0
23,0,0,0
24,0,0,0
24,0,0,0
24,0,0,0
24,0,1,0
24,0,1,0
25,0,1,0
25,1,1,0
25,0,1,0
25,1,0,0
25,0,0,0
26,1,0,0
26,1,0,0
26,1,0,0
26,1,0,0
26,1,0,0
27,1,0,0
27,1,0,0
27,1,0,0
27,1,0,0
27,1,0,0
28,0,1,0
28,1,1,0
28,1,1,0
28,1,0,0
28,1,0,0
29,0,0,0
29,0,0,0
29,0,0,0
29,0,0,0
29,0,0,0
30,0,0,0
30,0,0,0
30,0,1,0
30,0,1,0
30,0,1,0
31,0,1,0
31,0,1,0
31,0,1,0
31,0,1,0
31,0,1,0
32,0,1,0
32,0,1,0
32,0,1,0
32,0,1,0
32,0,1,0
33,0,1,0
33,0,1,0
33,0,1,0
33,0,1,0
33,0,1,0
34,1,1,0
34,1,1,0
34,0,1,0
34,1,1,0
34,1,1,0
35,1,1,0
35,1,0,0
35,1,0,0
35,1,0,0
35,1,0,0
36,1,0,0
36,1,0,0
36,1,1,0
36,1,1,0
36,1,1,0
37,1,1,0
37,1,1,0
37,1,1,0
37,1,1,0
37,1,1,0
38,1,1,0
38,1,0,0
38,1,0,0
38,1,0,0
38,1,0,0
39,1,0,0
39,1,0,0
39,1,0,0
39,1,0,0
39,1,0,0
40,1,0,0
40,1,1,0
40,1,1,0
40,1,1,0
40,1,1,0
41,1,1,0
41,1,1,0
41,0,1,0
41,1,1,0
41,1,1,0
42,1,1,0
42,0,1,0
42,1,1,0
42,0,1,0
42,1,1,0
43,0,1,0
43,0,1,0
43,0,1,0
43,1,1,0
43,1,1,0
44,0,1,0
44,1,1,0
44,1,1,0
44,1,1,0
44,1,1,0
45,1,1,0
45,1,1,0
45,1,1,0
45,1,1,0
45,1,1,0
46,1,1,0
46,1,1,0
46,1,1,0
46,1,1,0
46,1,1,0
47,1,1,0
47,1,1,0
47,1,1,0
47,1,1,0
47,1,1,0
48,1,1,0
48,1,1,0
48,1,1,0
48,1,1,0
48,1,1,0
49,1,1,0
49,1,1,0
49,1,1,0
49,1,1,0
49,1,1,0
50,1,1,0
50,1,1,0
50,1,1,0
50,1,1,0
50,1,1,0
51,1,1,0
51,1,1,0
51,1,1,0
51,1,1,0
51,1,1,0
52,1,1,0
52,1,1,0
52,1,1,0
52,1,1,0
52,1,1,0
53,1,1,0
53,1,1,0
53,1,1,0
53,1,1,0
53,1,1,0
54,1,1,0
54,1,1,0
54,1,1,0
54,1,1,0
54,1,1,0
55,1,1,0
55,1,1,0
55,1,1,0
55,1,1,0
55,1,1,0
56,1,1,0
56,1,1,0
56,1,1,0
56,1,1,0
56,1,1,0
57,1,1,0
57,1,1,0
57,1,1,0
57,1,1,0
57,1,1,0
58,1,1,0
58,1,1,0
58,1,1,0
58,1,1,0
58,1,1,0
59,1,1,0
59,1,1,0
59,1,1,0
59,1,1,0
59,1,0,0
60,1,1,0
60,1,1,0
60,1,1,0
60,1,1,0
60,1,1,0
61,1,1,0
61,1,1,0
61,1,1,0
61,1,1,0
61,1,1,0
62,1,1,0
62,1,1,0
62,1,1,0
62,1,1,0
62,1,1,0
63,1,1,0
63,1,1,0
63,1,1,0
63,1,1,0
63,1,1,0
64,1,1,0
64,1,1,0
64,1,1,0
64,1,1,0
64,1,1,0
65,1,1,0
65,1,1,0
65,1,1,0
65,1,1,0
65,1,1,0
66,1,1,0
66,1,1,0
66,1,1,0
66,1,1,0
66,1,1,0
67,1,1,0
67,1,1,0
67,1,1,0
67,1,1,0
67,1,1,0
68,1,1,0
68,1,1,0
68,1,1,0
68,1,1,0
68,1,1,0
69,1,1,0
69,1,1,0
69,1,1,0
69,1,1,0
69,1,1,0
70,1,1,0
70,1,1,0
70,1,1,0
70,1,1,0
70,1,1,0
71,1,1,0
71,1,1,0
71,1,1,0
71,1,1,0
71,1,1,0
72,1,1,0
72,1,1,0
72,1,1,0
72,1,1,0
72,1,1,0
73,1,1,0
73,1,1,0
73,1,1,0
73,1,1,0
73,1,1,0
74,1,1,0
74,1,1,0
74,1,1,0
74,1,1,0
74,1,1,0
75,1,1,0
75,1,1,0
75,1,1,0
75,1,1,0
75,1,1,0
76,1,1,0
76,1,1,0
76,1,1,0
76,1,1,0
76,1,1,0
77,1,1,0
77,1,1,0
77,1,1,0
77,1,1,0
77,1,1,0
78,1,1,0
78,1,1,0
78,1,1,0
78,1,1,0
78,1,1,0
79,1,1,0
79,1,1,0
79,1,1,0
79,1,1,0
79,1,1,0
80,1,1,0
80,1,1,0
80,1,1,0
80,1,1,0
80,1,1,0
81,1,1,0
81,1,1,0
81,1,1,0
81,1,1,0
81,1,1,0
82,1,1,0
82,1,1,0
82,1,1,0
82,1,1,0
82,1,1,0
83,1,1,0
83,1,1,0
83,1,1,0
83,1,1,0
83,1,1,0
84,1,1,0
84,1,1,0
84,1,0,0
84,1,0,0
84,1,0,0
85,1,0,0
85,1,0,0
85,1,0,0
85,1,0,0
85,1,0,0
86,1,0,0
86,1,0,0
86,1,0,0
86,1,0,0
86,1,0,0
87,1,0,0
87,1,0,0
87,1,0,0
87,1,0,0
87,1,0,0
88,1,0,0
88,1,0,0
88,1,0,0
88,1,0,0
88,1,0,0
89,1,0,0
89,1,0,0
89,1,0,0
89,1,0,0
89,1,0,0
90,0,0,0
90,0,1,0
90,0,1,0
90,0,1,0
90,0,1,0
91,0,1,0
91,0,1,0
91,0,1,0
91,0,1,0
91,0,1,0
92,0,1,0
92,0,1,0
92,0,1,0
92,0,1,0
92,0,1,0
93,0,1,0
93,0,1,0
93,0,1,0
93,0,1,0
93,0,1,0
94,0,0,0
94,0,0,0
94,0,0,0
94,0,0,0
94,0,0,0
95,0,0,0
95,0,0,0
95,0,0,0
95,0,0,0
95,0,0,0
96,0,0,0
96,0,0,0
96,0,0,0
96,0,0,0
96,0,0,0
97,0,0,0
97,0,0,0
97,0,0,0
97,0,0,0
97,0,0,0
98,0,0,0
98,0,1,0
98,0,1,0
98,0,1,0
98,0,1,0
99,0,1,0
99,0,1,0
99,0,1,0
99,0,1,0
99,0,1,0
100,0,1,0
100,0,1,0
100,0,1,0
100,0,1,0
100,0,1,0
101,0,1,0
101,0,1,0
101,1,1,0
101,1,1,0
101,0,1,0
102,0,1,0
102,1,1,0
102,1,1,0
102,1,1,0
102,1,1,0
103,1,1,0
103,1,1,0
103,1,1,0
103,1,1,0
103,1,1,0
104,1,1,0
104,1,1,0
104,1,1,0
104,1,1,0
104,1,1,0
105,1,1,0
105,1,1,0
105,1,1,0
105,1,1,0
105,1,1,0
106,1,1,0
106,1,1,0
106,1,1,0
106,1,1,0
106,1,1,0
107,1,1,0
107,1,1,0
107,1,1,0
107,1,1,0
107,1,1,0
108,1,1,0
108,1,1,0
108,1,1,0
108,1,1,0
108,1,1,0
109,1,1,0
109,1,1,0
109,1,1,0
109,1,1,0
109,1,1,0
110,1,1,0
110,1,1,0
110,1,1,0
110,1,1,0
110,1,1,0
111,1,1,0
111,1,1,0
111,1,1,0
111,1,1,0
111,1,1,0
112,1,1,0
112,1,1,0
112,1,1,0
112,1,0,0
112,1,0,0
113,1,0,0
113,1,0,0
113,1,0,0
113,1,0,0
113,1,0,0
114,1,0,0
114,1,0,0
114,1,0,0
114,1,0,0
114,1,0,0
115,1,0,0
115,1,0,0
115,1,0,0
115,1,0,0
115,1,0,0
116,1,0,0
116,1,0,0
116,1,0,0
116,1,0,0
116,1,0,0
117,1,0,0
117,1,0,0
117,1,0,0
117,1,0,0
117,1,0,0
118,1,0,0
118,1,0,0
118,1,0,0
118,1,0,0
118,1,0,0
119,1,0,0
119,1,0,0
119,1,0,0
119,1,0,0
119,1,0,0
120,0,0,0
120,0,0,0
120,1,0,0
120,1,1,0
120,0,1,0
121,0,1,0
121,1,1,0
121,0,1,0
121,0,1,0
121,0,1,0
122,0,1,0
122,0,1,0
122,0,1,0
122,0,1,0
122,0,1,0
123,0,1,0
123,0,1,0
123,0,1,0
123,0,1,0
123,0,1,0
124,0,0,0
124,0,0,0
124,0,0,0
124,0,0,0
124,0,0,0
125,0,0,0
125,0,0,0
125,0,0,0
125,0,0,0
125,0,0,0
126,0,0,0
126,0,0,0
126,0,0,0
126,0,0,0
126,0,0,0
127,0,0,0
127,0,0,0
127,0,0,0
127,0,0,0
127,0,0,0
128,0,0,0
128,0,0,0
128,0,0,0
128,0,0,0
128,0,0,0
129,0,0,0
129,0,0,0
129,0,0,0
129,0,0,0
129,0,0,0
130,0,0,0
130,0,0,0
130,0,0,0
130,0,0,0
130,0,0,0
131,0,0,0
131,0,0,0
131,0,0,0
131,0,0,0
131,0,0,0
132,0,0,0
132,0,0,0
132,0,0,0
132,0,0,0
132,0,0,0
133,0,0,0
133,0,1,0
133,0,1,0
133,0,1,0
133,0,1,0
134,0,1,0
134,0,1,0
134,0,1,0
134,0,1,0
134,0,1,0
135,0,1,0
135,0,1,0
135,0,1,0
135,0,1,0
135,0,1,0
136,0,1,0
136,0,1,0
136,0,1,0
136,0,1,0
136,0,1,0
137,0,1,0
137,0,1,0
137,0,1,0
137,0,1,0
137,0,1,0
138,0,0,0
138,0,0,0
138,0,0,0
138,0,0,0
138,0,0,0
139,1,0,0
139,0,0,0
139,1,0,0
139,0,0,0
139,1,0,0
140,1,0,0
140,1,0,0
140,1,0,0
140,1,0,0
140,1,0,0
141,1,0,0
141,1,0,0
141,1,0,0
141,1,0,0
141,1,0,0
142,0,0,0
142,1,0,0
142,0,0,0
142,1,0,0
142,1,0,0
143,1,0,0
143,1,0,0
143,1,0,0
143,1,0,0
143,0,0,0
144,1,0,0
144,1,0,0
144,0,0,0
144,1,0,0
144,0,0,0
145,0,0,0
145,0,0,0
145,0,1,0
145,1,1,0
145,0,1,0
146,0,1,0
146,0,1,0
146,1,1,0
146,0,0,0
146,0,0,0
147,0,0,0
147,0,0,0
147,0,0,0
147,0,0,0
147,0,0,0
148,0,0,0
148,0,0,0
148,0,0,0
148,0,0,0
148,0,0,0
149,0,0,0
149,0,0,0
149,0,0,0
149,0,0,0
149,0,0,0
150,0,0,0
150,0,0,0
150,0,0,0
150,0,0,0
150,0,0,0
151,0,1,0
151,1,1,0
151,0,1,0
151,0,1,0
151,0,1,0
152,0,1,0
152,0,1,0
152,0,1,0
152,0,1,0
152,0,1,0
153,0,1,0
0,0,1,1
0,0,1,1
0,0,0,1
0,0,0,1
0,0,1,1
1,0,1,1
1,0,1,1
1,0,1,1
1,0,1,1
1,0,1,1
2,0,1,1
2,0,1,1
2,0,1,1
2,0,1,1
2,0,1,1
3,0,0,1
3,0,0,1
3,0,1,1
3,0,1,1
3,0,0,1
4,0,0,1
4,1,0,1
4,0,0,1
4,0,0,1
4,0,0,1
5,1,0,1
5,0,0,1
5,0,0,1
5,1,0,1
5,1,0,1
6,1,0,1
6,1,0,1
6,1,0,1
6,1,0,1
6,1,0,1
7,1,0,1
7,1,0,1
7,1,0,1
7,1,0,1
7,1,0,1
8,1,0,1
8,1,0,1
8,1,0,1
8,1,0,1
8,1,0,1
9,1,0,1
9,0,0,1
9,1,0,1
9,1,0,1
9,1,0,1
10,1,0,1
10,1,0,1
10,1,0,1
10,1,0,1
10,0,0,1
11,0,0,1
11,0,0,1
11,1,0,1
11,1,0,1
11,0,0,1
12,0,0,1
12,0,0,1
12,0,0,1
12,0,0,1
12,0,0,1
13,0,0,1
13,0,0,1
13,0,0,1
13,0,0,1
13,0,0,1
14,0,0,1
14,0,0,1
14,0,0,1
14,0,0,1
14,0,0,1
15,0,0,1
15,0,0,1
15,0,0,1
15,0,0,1
15,0,0,1
16,0,0,1
16,0,0,1
16,0,0,1
16,0,0,1
16,0,0,1
17,0,0,1
17,0,0,1
17,0,0,1
17,0,0,1
17,0,0,1
18,0,0,1
18,0,0,1
18,0,0,1
18,0,0,1
18,0,0,1
19,0,0,1
19,0,0,1
19,0,0,1
19,0,0,1
19,0,0,1
20,0,0,1
20,0,0,1
20,0,0,1
20,0,0,1
20,0,0,1
21,0,0,1
21,0,0,1
21,0,0,1
21,0,0,1
21,0,1,1
22,0,1,1
22,0,1,1
22,0,1,1
22,0,0,1
22,0,0,1
23,0,0,1
23,0,0,1
23,0,0,1
23,0,0,1
23,0,0,1
24,0,0,1
24,0,0,1
24,0,0,1
24,0,1,1
24,0,1,1
25,0,1,1
25,0,1,1
25,0,1,1
25,0,0,1
25,0,0,1
26,0,0,1
26,0,0,1
26,0,0,1
26,0,0,1
26,0,0,1
27,0,0,1
27,0,0,1
27,0,0,1
27,0,0,1
27,0,0,1
28,0,1,1
28,0,1,1
28,0,1,1
28,0,0,1
28,0,0,1
29,0,0,1
29,0,0,1
29,0,0,1
29,0,0,1
29,0,0,1
30,0,0,1
30,0,0,1
30,0,1,1
30,0,1,1
30,0,1,1
31,0,1,1
31,0,1,1
31,0,1,1
31,0,1,1
31,0,1,1
32,0,1,1
32,0,1,1
32,0,1,1
32,0,1,1
32,0,1,1
33,0,1,1
33,0,1,1
33,0,1,1
33,0,1,1
33,0,1,1
34,0,1,1
34,0,1,1
34,0,1,1
34,0,1,1
34,0,1,1
35,0,1,1
35,0,0,1
35,0,0,1
35,0,0,1
35,0,0,1
36,0,0,1
36,0,0,1
36,0,1,1
36,0,1,1
36,0,1,1
37,0,1,1
37,1,1,1
37,1,1,1
37,1,1,1
37,1,1,1
38,1,1,1
38,1,0,1
38,1,0,1
38,0,0,1
38,1,0,1
39,1,0,1
39,1,0,1
39,1,0,1
39,1,0,1
39,1,0,1
40,1,0,1
40,0,1,1
40,1,1,1
40,1,1,1
40,1,1,1
41,1,1,1
41,1,1,1
41,1,1,1
41,1,1,1
41,1,1,1
42,1,1,1
42,1,1,1
42,1,1,1
42,1,1,1
42,1,1,1
43,1,1,1
43,1,1,1
43,1,1,1
43,1,1,1
43,1,1,1
44,1,1,1
44,1,1,1
44,1,1,1
44,1,1,1
44,1,1,1
45,1,1,1
45,1,1,1
45,1,1,1
45,1,1,1
45,1,1,1
46,1,1,1
46,1,1,1
46,1,1,1
46,1,1,1
46,1,1,1
47,1,1,1
47,1,1,1
47,1,1,1
47,1,1,1
47,1,1,1
48,1,1,1
48,1,1,1
48,1,1,1
48,1,1,1
48,1,1,1
49,1,1,1
49,1,1,1
49,1,1,1
49,1,1,1
49,1,1,1
50,1,1,1
50,1,1,1
50,1,1,1
50,1,1,1
50,1,1,1
51,1,1,1
51,1,1,1
51,1,1,1
51,1,1,1
51,1,1,1
52,1,1,1
52,1,1,1
52,1,1,1
52,1,1,1
52,1,1,1
53,1,1,1
53,1,1,1
53,1,1,1
53,1,1,1
53,1,1,1
54,1,1,1
54,1,1,1
54,1,1,1
54,1,1,1
54,1,1,1
55,1,1,1
55,1,1,1
55,1,1,1
55,1,1,1
55,1,1,1
56,1,1,1
56,1,1,1
56,1,1,1
56,1,1,1
56,1,1,1
57,1,1,1
57,1,1,1
57,1,1,1
57,1,1,1
57,1,1,1
58,1,1,1
58,1,1,1
58,1,1,1
58,1,1,1
58,1,1,1
59,1,1,1
59,1,1,1
59,1,1,1
59,1,1,1
59,1,0,1
60,1,1,1
60,1,1,1
60,1,1,1
60,1,1,1
60,1,1,1
61,1,1,1
61,1,1,1
61,1,1,1
61,1,1,1
61,1,1,1
62,1,1,1
62,1,1,1
62,1,1,1
62,1,1,1
62,1,1,1
63,1,1,1
63,1,1,1
63,1,1,1
63,1,1,1
63,1,1,1
64,1,1,1
64,1,1,1
64,1,1,1
64,1,1,1
64,1,1,1
65,1,1,1
65,1,1,1
65,1,1,1
65,1,1,1
65,1,1,1
66,1,1,1
66,1,1,1
66,1,1,1
66,1,1,1
66,1,1,1
67,1,1,1
67,1,1,1
67,1,1,1
67,1,1,1
67,1,1,1
68,1,1,1
68,1,1,1
68,1,1,1
68,1,1,1
68,1,1,1
69,1,1,1
69,1,1,1
69,1,1,1
69,1,1,1
69,1,1,1
70,1,1,1
70,1,1,1
70,1,1,1
70,1,1,1
70,1,1,1
71,1,1,1
71,1,1,1
71,1,1,1
71,1,1,1
71,1,1,1
72,1,1,1
72,1,1,1
72,1,1,1
72,1,1,1
72,1,1,1
73,1,1,1
73,1,1,1
73,1,1,1
73,1,1,1
73,1,1,1
74,1,1,1
74,1,1,1
74,1,1,1
74,1,1,1
74,1,1,1
75,1,1,1
75,1,1,1
75,1,1,1
75,1,1,1
75,1,1,1
76,1,1,1
76,1,1,1
76,1,1,1
76,1,1,1
76,1,1,1
77,1,1,1
77,1,1,1
77,1,1,1
77,1,1,1
77,1,1,1
78,1,1,1
78,1,1,1
78,1,1,1
78,1,1,1
78,1,1,1
79,1,1,1
79,1,1,1
79,1,1,1
79,1,1,1
79,1,1,1
80,1,1,1
80,1,1,1
80,1,1,1
80,1,1,1
80,1,1,1
81,1,1,1
81,1,1,1
81,1,1,1
81,1,1,1
81,1,1,1
82,1,1,1
82,1,1,1
82,1,1,1
82,1,1,1
82,1,1,1
83,1,1,1
83,1,1,1
83,1,1,1
83,1,1,1
83,1,1,1
84,1,1,1
84,1,1,1
84,1,0,1
84,1,0,1
84,1,0,1
85,1,0,1
85,1,0,1
85,1,0,1
85,1,0,1
85,1,0,1
86,1,0,1
86,1,0,1
86,1,0,1
86,1,0,1
86,1,0,1
87,1,0,1
87,1,0,1
87,1,0,1
87,1,0,1
87,1,0,1
88,1,0,1
88,1,0,1
88,1,0,1
88,1,0,1
88,1,0,1
89,1,0,1
89,1,0,1
89,1,0,1
89,1,0,1
89,1,0,1
90,1,0,1
90,1,1,1
90,1,1,1
90,1,1,1
90,1,1,1
91,1,1,1
91,1,1,1
91,1,1,1
91,1,1,1
91,1,1,1
92,1,1,1
92,1,1,1
92,1,1,1
92,1,1,1
92,1,1,1
93,1,1,1
93,1,1,1
93,1,1,1
93,1,1,1
93,1,1,1
94,1,0,1
94,1,0,1
94,1,0,1
94,1,0,1
94,1,0,1
95,0,0,1
95,1,0,1
95,1,0,1
95,1,0,1
95,0,0,1
96,0,0,1
96,1,0,1
96,0,0,1
96,1,0,1
96,0,0,1
97,0,0,1
97,0,0,1
97,0,0,1
97,0,0,1
97,0,0,1
98,0,0,1
98,0,1,1
98,0,1,1
98,0,1,1
98,0,1,1
99,0,1,1
99,0,1,1
99,0,1,1
99,0,1,1
99,0,1,1
100,1,1,1
100,0,1,1
100,0,1,1
100,0,1,1
100,0,1,1
101,0,1,1
101,0,1,1
101,0,1,1
101,1,1,1
101,0,1,1
102,0,1,1
102,0,1,1
102,0,1,1
102,1,1,1
102,0,1,1
103,1,1,1
103,0,1,1
103,0,1,1
103,0,1,1
103,0,1,1
104,0,1,1
104,0,1,1
104,0,1,1
104,0,1,1
104,0,1,1
105,1,1,1
105,1,1,1
105,1,1,1
105,0,1,1
105,1,1,1
106,1,1,1
106,0,1,1
106,1,1,1
106,0,1,1
106,1,1,1
107,1,1,1
107,1,1,1
107,0,1,1
107,1,1,1
107,1,1,1
108,1,1,1
108,1,1,1
108,1,1,1
108,1,1,1
108,1,1,1
109,1,1,1
109,1,1,1
109,1,1,1
109,1,1,1
109,1,1,1
110,1,1,1
110,1,1,1
110,1,1,1
110,1,1,1
110,1,1,1
111,1,1,1
111,1,1,1
111,1,1,1
111,1,1,1
111,1,1,1
112,1,1,1
112,1,1,1
112,1,1,1
112,1,0,1
112,1,0,1
113,1,0,1
113,1,0,1
113,1,0,1
113,1,0,1
113,1,0,1
114,0,0,1
114,1,0,1
114,1,0,1
114,1,0,1
114,1,0,1
115,1,0,1
115,1,0,1
115,1,0,1
115,1,0,1
115,1,0,1
116,1,0,1
116,1,0,1
116,1,0,1
116,1,0,1
116,1,0,1
117,1,0,1
117,0,0,1
117,1,0,1
117,1,0,1
117,0,0,1
118,1,0,1
118,1,0,1
118,0,0,1
118,0,0,1
118,1,0,1
119,0,0,1
119,0,0,1
119,1,0,1
119,0,0,1
119,1,0,1
120,0,0,1
120,0,0,1
120,0,0,1
120,1,1,1
120,0,1,1
121,1,1,1
121,1,1,1
121,0,1,1
121,1,1,1
121,1,1,1
122,0,1,1
122,1,1,1
122,0,1,1
122,0,1,1
122,0,1,1
123,1,1,1
123,0,1,1
123,0,1,1
123,0,1,1
123,1,1,1
124,1,0,1
124,0,0,1
124,1,0,1
124,1,0,1
124,0,0,1
125,1,0,1
125,0,0,1
125,1,0,1
125,0,0,1
125,0,0,1
126,0,0,1
126,1,0,1
126,0,0,1
126,0,0,1
126,0,0,1
127,0,0,1
127,0,0,1
127,0,0,1
127,0,0,1
127,0,0,1
128,0,0,1
128,0,0,1
128,0,0,1
128,0,0,1
128,0,0,1
129,0,0,1
129,0,0,1
129,0,0,1
129,0,0,1
129,0,0,1
130,0,0,1
130,0,0,1
130,0,0,1
130,0,0,1
130,0,0,1
131,0,0,1
131,0,0,1
131,0,0,1
131,0,0,1
131,0,0,1
132,0,0,1
132,0,0,1
132,0,0,1
132,0,0,1
132,0,0,1
133,0,0,1
133,0,1,1
133,0,1,1
133,0,1,1
133,0,1,1
134,0,1,1
134,0,1,1
134,0,1,1
134,0,1,1
134,0,1,1
135,0,1,1
135,0,1,1
135,0,1,1
135,0,1,1
135,0,1,1
136,0,1,1
136,0,1,1
136,0,1,1
136,0,1,1
136,0,1,1
137,0,1,1
137,0,1,1
137,0,1,1
137,0,1,1
137,0,1,1
138,0,0,1
138,0,0,1
138,0,0,1
138,0,0,1
138,0,0,1
139,0,0,1
139,0,0,1
139,0,0,1
139,0,0,1
139,0,0,1
140,0,0,1
140,0,0,1
140,0,0,1
140,0,0,1
140,0,0,1
141,0,0,1
141,0,0,1
141,0,0,1
141,0,0,1
141,0,0,1
142,0,0,1
142,0,0,1
142,0,0,1
142,0,0,1
142,0,0,1
143,0,0,1
143,0,0,1
143,0,0,1
143,0,0,1
143,0,0,1
144,0,0,1
144,0,0,1
144,0,0,1
144,0,0,1
144,0,0,1
145,0,0,1
145,0,0,1
145,0,1,1
145,0,1,1
145,0,1,1
146,0,1,1
146,0,1,1
146,1,1,1
146,0,0,1
146,0,0,1
147,0,0,1
147,0,0,1
147,0,0,1
147,0,0,1
147,0,0,1
148,0,0,1
148,0,0,1
148,1,0,1
148,0,0,1
148,0,0,1
149,0,0,1
149,1,0,1
149,1,0,1
149,1,0,1
149,0,0,1
150,0,0,1
150,0,0,1
150,0,0,1
150,1,0,1
150,0,0,1
151,0,1,1
151,1,1,1
151,1,1,1
151,0,1,1
151,0,1,1
152,0,1,1
152,0,1,1
152,0,1,1
152,0,1,1
152,0,1,1
153,0,1,1
0,0,1,2
0,0,1,2
0,0,0,2
0,0,0,2
0,0,1,2
1,0,1,2
1,0,1,2
1,0,1,2
1,0,1,2
1,0,1,2
2,0,1,2
2,1,1,2
2,1,1,2
2,0,1,2
2,0,1,2
3,0,0,2
3,0,0,2
3,0,1,2
3,1,1,2
3,0,0,2
4,1,0,2
4,0,0,2
4,0,0,2
4,0,0,2
4,1,0,2
5,1,0,2
5,1,0,2
5,1,0,2
5,1,0,2
5,1,0,2
6,1,0,2
6,1,0,2
6,1,0,2
6,1,0,2
6,1,0,2
7,0,0,2
7,1,0,2
7,1,0,2
7,0,0,2
7,1,0,2
8,1,0,2
8,1,0,2
8,1,0,2
8,1,0,2
8,1,0,2
9,1,0,2
9,0,0,2
9,1,0,2
9,1,0,2
9,0,0,2
10,0,0,2
10,1,0,2
10,0,0,2
10,1,0,2
10,0,0,2
11,0,0,2
11,1,0,2
11,0,0,2
11,0,0,2
11,0,0,2
12,0,0,2
12,0,0,2
12,0,0,2
12,0,0,2
12,0,0,2
13,0,0,2
13,0,0,2
13,0,0,2
13,0,0,2
13,0,0,2
14,0,0,2
14,0,0,2
14,0,0,2
14,0,0,2
14,0,0,2
15,0,0,2
15,0,0,2
15,0,0,2
15,0,0,2
15,0,0,2
16,0,0,2
16,0,0,2
16,0,0,2
16,0,0,2
16,0,0,2
17,0,0,2
17,0,0,2
17,0,0,2
17,0,0,2
17,0,0,2
18,0,0,2
18,0,0,2
18,0,0,2
18,0,0,2
18,0,0,2
19,0,0,2
19,0,0,2
19,0,0,2
19,0,0,2
19,0,0,2
20,0,0,2
20,0,0,2
20,0,0,2
20,0,0,2
20,0,0,2
21,0,0,2
21,0,0,2
21,0,0,2
21,0,0,2
21,0,1,2
22,0,1,2
22,0,1,2
22,0,1,2
22,0,0,2
22,0,0,2
23,0,0,2
23,0,0,2
23,0,0,2
23,0,0,2
23,0,0,2
24,0,0,2
24,0,0,2
24,0,0,2
24,0,1,2
24,0,1,2
25,0,1,2
25,0,1,2
25,0,1,2
25,0,0,2
25,0,0,2
26,0,0,2
26,0,0,2
26,0,0,2
26,0,0,2
26,0,0,2
27,0,0,2
27,0,0,2
27,0,0,2
27,0,0,2
27,0,0,2
28,0,1,2
28,0,1,2
28,0,1,2
28,0,0,2
28,0,0,2
29,0,0,2
29,0,0,2
29,0,0,2
29,0,0,2
29,0,0,2
30,0,0,2
30,0,0,2
30,0,1,2
30,0,1,2
30,0,1,2
31,0,1,2
31,0,1,2
31,0,1,2
31,0,1,2
31,0,1,2
32,0,1,2
32,0,1,2
32,0,1,2
32,0,1,2
32,0,1,2
33,0,1,2
33,0,1,2
33,0,1,2
33,0,1,2
33,0,1,2
34,0,1,2
34,0,1,2
34,0,1,2
34,0,1,2
34,0,1,2
35,0,1,2
35,0,0,2
35,0,0,2
35,0,0,2
35,0,0,2
36,0,0,2
36,0,0,2
36,0,1,2
36,0,1,2
36,0,1,2
37,0,1,2
37,0,1,2
37,0,1,2
37,1,1,2
37,0,1,2
38,1,1,2
38,0,0,2
38,1,0,2
38,0,0,2
38,0,0,2
39,0,0,2
39,1,0,2
39,1,0,2
39,0,0,2
39,1,0,2
40,1,0,2
40,0,1,2
40,1,1,2
40,1,1,2
40,1,1,2
41,1,1,2
41,1,1,2
41,1,1,2
41,1,1,2
41,1,1,2
42,1,1,2
42,1,1,2
42,1,1,2
42,1,1,2
42,1,1,2
43,1,1,2
43,1,1,2
43,1,1,2
43,1,1,2
43,1,1,2
44,1,1,2
44,1,1,2
44,1,1,2
44,1,1,2
44,1,1,2
45,1,1,2
45,1,1,2
45,1,1,2
45,1,1,2
45,1,1,2
46,1,1,2
46,1,1,2
46,1,1,2
46,1,1,2
46,1,1,2
47,1,1,2
47,1,1,2
47,1,1,2
47,1,1,2
47,1,1,2
48,1,1,2
48,1,1,2
48,1,1,2
48,1,1,2
48,1,1,2
49,1,1,2
49,1,1,2
49,1,1,2
49,1,1,2
49,1,1,2
50,1,1,2
50,1,1,2
50,1,1,2
50,1,1,2
50,1,1,2
51,1,1,2
51,1,1,2
51,1,1,2
51,1,1,2
51,1,1,2
52,1,1,2
52,1,1,2
52,1,1,2
52,1,1,2
52,1,1,2
53,1,1,2
53,1,1,2
53,1,1,2
53,1,1,2
53,1,1,2
54,1,1,2
54,1,1,2
54,1,1,2
54,1,1,2
54,1,1,2
55,1,1,2
55,1,1,2
55,1,1,2
55,1,1,2
55,1,1,2
56,1,1,2
56,1,1,2
56,1,1,2
56,1,1,2
56,1,1,2
57,1,1,2
57,1,1,2
57,1,1,2
57,1,1,2
57,1,1,2
58,1,1,2
58,1,1,2
58,1,1,2
58,1,1,2
58,1,1,2
59,1,1,2
59,1,1,2
59,1,1,2
59,1,1,2
59,1,0,2
60,1,1,2
60,1,1,2
60,1,1,2
60,1,1,2
60,1,1,2
61,1,1,2
61,1,1,2
61,1,1,2
61,1,1,2
61,1,1,2
62,1,1,2
62,1,1,2
62,1,1,2
62,1,1,2
62,1,1,2
63,1,1,2
63,1,1,2
63,1,1,2
63,1,1,2
63,1,1,2
64,1,1,2
64,1,1,2
64,1,1,2
64,1,1,2
64,1,1,2
65,1,1,2
65,1,1,2
65,1,1,2
65,1,1,2
65,1,1,2
66,1,1,2
66,1,1,2
66,1,1,2
66,1,1,2
66,1,1,2
67,1,1,2
67,1,1,2
67,1,1,2
67,1,1,2
67,1,1,2
68,1,1,2
68,1,1,2
68,1,1,2
68,1,1,2
68,1,1,2
69,1,1,2
69,1,1,2
69,1,1,2
69,1,1,2
69,1,1,2
70,1,1,2
70,1,1,2
70,1,1,2
70,1,1,2
70,1,1,2
71,1,1,2
71,1,1,2
71,1,1,2
71,1,1,2
71,1,1,2
72,1,1,2
72,1,1,2
72,1,1,2
72,1,1,2
72,1,1,2
73,1,1,2
73,1,1,2
73,1,1,2
73,1,1,2
73,1,1,2
74,1,1,2
74,1,1,2
74,1,1,2
74,1,1,2
74,1,1,2
75,1,1,2
75,1,1,2
75,1,1,2
75,1,1,2
75,1,1,2
76,1,1,2
76,1,1,2
76,1,1,2
76,1,1,2
76,1,1,2
77,1,1,2
77,1,1,2
77,1,1,2
77,1,1,2
77,1,1,2
78,1,1,2
78,1,1,2
78,1,1,2
78,1,1,2
78,1,1,2
79,1,1,2
79,1,1,2
79,1,1,2
79,1,1,2
79,1,1,2
80,1,1,2
80,1,1,2
80,1,1,2
80,1,1,2
80,1,1,2
81,1,1,2
81,1,1,2
81,1,1,2
81,1,1,2
81,1,1,2
82,1,1,2
82,1,1,2
82,1,1,2
82,1,1,2
82,1,1,2
83,1,1,2
83,1,1,2
83,1,1,2
83,1,1,2
83,1,1,2
84,1,1,2
84,1,1,2
84,1,0,2
84,1,0,2
84,1,0,2
85,1,0,2
85,1,0,2
85,1,0,2
85,1,0,2
85,1,0,2
86,1,0,2
86,1,0,2
86,1,0,2
86,1,0,2
86,1,0,2
87,1,0,2
87,1,0,2
87,1,0,2
87,1,0,2
87,1,0,2
88,1,0,2
88,1,0,2
88,1,0,2
88,1,0,2
88,1,0,2
89,1,0,2
89,1,0,2
89,1,0,2
89,1,0,2
89,1,0,2
90,1,0,2
90,1,1,2
90,1,1,2
90,1,1,2
90,1,1,2
91,1,1,2
91,1,1,2
91,1,1,2
91,1,1,2
91,1,1,2
92,1,1,2
92,1,1,2
92,1,1,2
92,1,1,2
92,1,1,2
93,1,1,2
93,1,1,2
93,1,1,2
93,1,1,2
93,1,1,2
94,1,0,2
94,1,0,2
94,1,0,2
94,1,0,2
94,1,0,2
95,1,0,2
95,1,0,2
95,1,0,2
95,1,0,2
95,1,0,2
96,1,0,2
96,1,0,2
96,1,0,2
96,1,0,2
96,1,0,2
97,0,0,2
97,0,0,2
97,1,0,2
97,1,0,2
97,0,0,2
98,0,0,2
98,0,1,2
98,1,1,2
98,0,1,2
98,0,1,2
99,0,1,2
99,0,1,2
99,1,1,2
99,1,1,2
99,1,1,2
100,1,1,2
100,1,1,2
100,1,1,2
100,1,1,2
100,0,1,2
101,1,1,2
101,0,1,2
101,1,1,2
101,1,1,2
101,1,1,2
102,0,1,2
102,0,1,2
102,1,1,2
102,1,1,2
102,1,1,2
103,1,1,2
103,1,1,2
103,1,1,2
103,1,1,2
103,0,1,2
104,0,1,2
104,0,1,2
104,0,1,2
104,1,1,2
104,0,1,2
105,1,1,2
105,1,1,2
105,1,1,2
105,0,1,2
105,1,1,2
106,1,1,2
106,0,1,2
106,1,1,2
106,0,1,2
106,1,1,2
107,1,1,2
107,1,1,2
107,1,1,2
107,1,1,2
107,1,1,2
108,1,1,2
108,1,1,2
108,1,1,2
108,1,1,2
108,1,1,2
109,1,1,2
109,1,1,2
109,1,1,2
109,1,1,2
109,1,1,2
110,1,1,2
110,1,1,2
110,1,1,2
110,1,1,2
110,1,1,2
111,1,1,2
111,1,1,2
111,1,1,2
111,1,1,2
111,1,1,2
112,1,1,2
112,1,1,2
112,1,1,2
112,0,0,2
112,1,0,2
113,0,0,2
113,0,0,2
113,0,0,2
113,0,0,2
113,0,0,2
114,0,0,2
114,0,0,2
114,0,0,2
114,0,0,2
114,0,0,2
115,0,0,2
115,0,0,2
115,0,0,2
115,0,0,2
115,0,0,2
116,0,0,2
116,0,0,2
116,0,0,2
116,0,0,2
116,0,0,2
117,0,0,2
117,0,0,2
117,0,0,2
117,0,0,2
117,0,0,2
118,0,0,2
118,0,0,2
118,0,0,2
118,0,0,2
118,0,0,2
119,0,0,2
119,0,0,2
119,0,0,2
119,0,0,2
119,1,0,2
120,0,0,2
120,0,0,2
120,0,0,2
120,1,1,2
120,0,1,2
121,1,1,2
121,1,1,2
121,0,1,2
121,1,1,2
121,1,1,2
122,1,1,2
122,1,1,2
122,0,1,2
122,0,1,2
122,1,1,2
123,1,1,2
123,0,1,2
123,0,1,2
123,0,1,2
123,1,1,2
124,1,0,2
124,0,0,2
124,1,0,2
124,1,0,2
124,0,0,2
125,1,0,2
125,0,0,2
125,1,0,2
125,0,0,2
125,0,0,2
126,1,0,2
126,1,0,2
126,0,0,2
126,0,0,2
126,0,0,2
127,1,0,2
127,0,0,2
127,0,0,2
127,0,0,2
127,0,0,2
128,0,0,2
128,0,0,2
128,0,0,2
128,0,0,2
128,0,0,2
129,0,0,2
129,0,0,2
129,0,0,2
129,0,0,2
129,0,0,2
130,0,0,2
130,0,0,2
130,0,0,2
130,0,0,2
130,0,0,2
131,0,0,2
131,0,0,2
131,0,0,2
131,1,0,2
131,0,0,2
132,0,0,2
132,0,0,2
132,0,0,2
132,0,0,2
132,0,0,2
133,0,0,2
133,1,1,2
133,0,1,2
133,0,1,2
133,0,1,2
134,0,1,2
134,0,1,2
134,0,1,2
134,0,1,2
134,0,1,2
135,0,1,2
135,0,1,2
135,0,1,2
135,0,1,2
135,0,1,2
136,0,1,2
136,0,1,2
136,0,1,2
136,0,1,2
136,0,1,2
137,0,1,2
137,0,1,2
137,0,1,2
137,0,1,2
137,0,1,2
138,0,0,2
138,0,0,2
138,0,0,2
138,0,0,2
138,0,0,2
139,0,0,2
139,0,0,2
139,0,0,2
139,0,0,2
139,0,0,2
140,0,0,2
140,0,0,2
140,0,0,2
140,0,0,2
140,0,0,2
141,0,0,2
141,0,0,2
141,0,0,2
141,0,0,2
141,0,0,2
142,0,0,2
142,0,0,2
142,0,0,2
142,0,0,2
142,0,0,2
143,0,0,2
143,0,0,2
143,0,0,2
143,0,0,2
143,0,0,2
144,0,0,2
144,0,0,2
144,0,0,2
144,0,0,2
144,0,0,2
145,0,0,2
145,0,0,2
145,0,1,2
145,0,1,2
145,0,1,2
146,0,1,2
146,0,1,2
146,0,1,2
146,0,0,2
146,0,0,2
147,0,0,2
147,0,0,2
147,0,0,2
147,0,0,2
147,0,0,2
148,0,0,2
148,0,0,2
148,0,0,2
148,0,0,2
148,0,0,2
149,0,0,2
149,0,0,2
149,0,0,2
149,0,0,2
149,0,0,2
150,0,0,2
150,0,0,2
150,0,0,2
150,1,0,2
150,0,0,2
151,0,1,2
151,1,1,2
151,1,1,2
151,0,1,2
151,1,1,2
152,0,1,2
152,0,1,2
152,0,1,2
152,0,1,2
152,0,1,2
153,0,1,2
0,0,1,3
0,0,1,3
0,0,0,3
0,0,0,3
0,0,1,3
1,1,1,3
1,0,1,3
1,0,1,3
1,0,1,3
1,1,1,3
2,0,1,3
2,0,1,3
2,0,1,3
2,0,1,3
2,0,1,3
3,0,0,3
3,0,0,3
3,0,1,3
3,1,1,3
3,0,0,3
4,0,0,3
4,0,0,3
4,0,0,3
4,0,0,3
4,0,0,3
5,1,0,3
5,0,0,3
5,0,0,3
5,1,0,3
5,1,0,3
6,1,0,3
6,1,0,3
6,1,0,3
6,0,0,3
6,1,0,3
7,0,0,3
7,1,0,3
7,0,0,3
7,0,0,3
7,1,0,3
8,0,0,3
8,1,0,3
8,0,0,3
8,0,0,3
8,1,0,3
9,1,0,3
9,0,0,3
9,0,0,3
9,1,0,3
9,0,0,3
10,1,0,3
10,1,0,3
10,0,0,3
10,1,0,3
10,0,0,3
11,0,0,3
11,0,0,3
11,1,0,3
11,0,0,3
11,1,0,3
12,0,0,3
12,0,0,3
12,0,0,3
12,0,0,3
12,0,0,3
13,0,0,3
13,0,0,3
13,0,0,3
13,0,0,3
13,0,0,3
14,0,0,3
14,0,0,3
14,0,0,3
14,0,0,3
14,0,0,3
15,0,0,3
15,0,0,3
15,0,0,3
15,0,0,3
15,0,0,3
16,0,0,3
16,0,0,3
16,0,0,3
16,0,0,3
16,0,0,3
17,0,0,3
17,0,0,3
17,0,0,3
17,0,0,3
17,0,0,3
18,0,0,3
18,0,0,3
18,0,0,3
18,0,0,3
18,0,0,3
19,0,0,3
19,0,0,3
19,0,0,3
19,0,0,3
19,0,0,3
20,0,0,3
20,0,0,3
20,0,0,3
20,0,0,3
20,0,0,3
21,0,0,3
21,0,0,3
21,0,0,3
21,0,0,3
21,0,1,3
22,0,1,3
22,0,1,3
22,0,1,3
22,0,0,3
22,0,0,3
23,0,0,3
23,0,0,3
23,0,0,3
23,0,0,3
23,0,0,3
24,0,0,3
24,0,0,3
24,0,0,3
24,0,1,3
24,0,1,3
25,0,1,3
25,0,1,3
25,0,1,3
25,0,0,3
25,0,0,3
26,0,0,3
26,0,0,3
26,0,0,3
26,0,0,3
26,0,0,3
27,0,0,3
27,0,0,3
27,0,0,3
27,0,0,3
27,0,0,3
28,0,1,3
28,0,1,3
28,0,1,3
28,0,0,3
28,0,0,3
29,0,0,3
29,0,0,3
29,0,0,3
29,0,0,3
29,0,0,3
30,0,0,3
30,0,0,3
30,0,1,3
30,0,1,3
30,0,1,3
31,0,1,3
31,0,1,3
31,0,1,3
31,0,1,3
31,0,1,3
32,0,1,3
32,0,1,3
32,0,1,3
32,0,1,3
32,0,1,3
33,0,1,3
33,0,1,3
33,1,1,3
33,0,1,3
33,0,1,3
34,0,1,3
34,0,1,3
34,0,1,3
34,0,1,3
34,0,1,3
35,0,1,3
35,0,0,3
35,0,0,3
35,0,0,3
35,0,0,3
36,0,0,3
36,0,0,3
36,0,1,3
36,0,1,3
36,0,1,3
37,0,1,3
37,0,1,3
37,0,1,3
37,0,1,3
37,0,1,3
38,1,1,3
38,0,0,3
38,0,0,3
38,0,0,3
38,0,0,3
39,0,0,3
39,0,0,3
39,1,0,3
39,0,0,3
39,0,0,3
40,0,0,3
40,0,1,3
40,1,1,3
40,1,1,3
40,1,1,3
41,1,1,3
41,1,1,3
41,1,1,3
41,1,1,3
41,1,1,3
42,1,1,3
42,1,1,3
42,1,1,3
42,1,1,3
42,1,1,3
43,1,1,3
43,1,1,3
43,1,1,3
43,1,1,3
43,1,1,3
44,1,1,3
44,1,1,3
44,1,1,3
44,1,1,3
44,1,1,3
45,1,1,3
45,1,1,3
45,1,1,3
45,1,1,3
45,1,1,3
46,1,1,3
46,1,1,3
46,1,1,3
46,1,1,3
46,1,1,3
47,1,1,3
47,1,1,3
47,1,1,3
47,1,1,3
47,1,1,3
48,1,1,3
48,1,1,3
48,1,1,3
48,1,1,3
48,1,1,3
49,1,1,3
49,1,1,3
49,1,1,3
49,1,1,3
49,1,1,3
50,1,1,3
50,1,1,3
50,1,1,3
50,1,1,3
50,1,1,3
51,1,1,3
51,1,1,3
51,1,1,3
51,1,1,3
51,1,1,3
52,1,1,3
52,1,1,3
52,1,1,3
52,1,1,3
52,1,1,3
53,1,1,3
53,1,1,3
53,1,1,3
53,1,1,3
53,1,1,3
54,1,1,3
54,1,1,3
54,1,1,3
54,1,1,3
54,1,1,3
55,1,1,3
55,1,1,3
55,1,1,3
55,1,1,3
55,1,1,3
56,1,1,3
56,1,1,3
56,1,1,3
56,1,1,3
56,1,1,3
57,1,1,3
57,1,1,3
57,1,1,3
57,1,1,3
57,1,1,3
58,1,1,3
58,1,1,3
58,1,1,3
58,1,1,3
58,1,1,3
59,1,1,3
59,1,1,3
59,1,1,3
59,1,1,3
59,1,0,3
60,1,1,3
60,1,1,3
60,1,1,3
60,1,1,3
60,1,1,3
61,1,1,3
61,1,1,3
61,1,1,3
61,1,1,3
61,1,1,3
62,1,1,3
62,1,1,3
62,1,1,3
62,1,1,3
62,1,1,3
63,1,1,3
63,1,1,3
63,1,1,3
63,1,1,3
63,1,1,3
64,1,1,3
64,1,1,3
64,1,1,3
64,1,1,3
64,1,1,3
65,1,1,3
65,1,1,3
65,1,1,3
65,1,1,3
65,1,1,3
66,1,1,3
66,1,1,3
66,1,1,3
66,1,1,3
66,1,1,3
67,1,1,3
67,1,1,3
67,1,1,3
67,1,1,3
67,1,1,3
68,1,1,3
68,1,1,3
68,1,1,3
68,1,1,3
68,1,1,3
69,1,1,3
69,1,1,3
69,1,1,3
69,1,1,3
69,1,1,3
70,1,1,3
70,1,1,3
70,1,1,3
70,1,1,3
70,1,1,3
71,1,1,3
71,1,1,3
71,1,1,3
71,1,1,3
71,1,1,3
72,1,1,3
72,1,1,3
72,1,1,3
72,1,1,3
72,1,1,3
73,1,1,3
73,1,1,3
73,1,1,3
73,1,1,3
73,1,1,3
74,1,1,3
74,1,1,3
74,1,1,3
74,1,1,3
74,1,1,3
75,1,1,3
75,1,1,3
75,1,1,3
75,1,1,3
75,1,1,3
76,1,1,3
76,1,1,3
76,1,1,3
76,1,1,3
76,1,1,3
77,1,1,3
77,1,1,3
77,1,1,3
77,1,1,3
77,1,1,3
78,1,1,3
78,1,1,3
78,1,1,3
78,1,1,3
78,1,1,3
79,1,1,3
79,1,1,3
79,1,1,3
79,1,1,3
79,1,1,3
80,1,1,3
80,1,1,3
80,1,1,3
80,1,1,3
80,1,1,3
81,1,1,3
81,1,1,3
81,1,1,3
81,1,1,3
81,1,1,3
82,1,1,3
82,1,1,3
82,1,1,3
82,1,1,3
82,1,1,3
83,1,1,3
83,1,1,3
83,1,1,3
83,1,1,3
83,1,1,3
84,1,1,3
84,1,1,3
84,1,0,3
84,1,0,3
84,1,0,3
85,1,0,3
85,1,0,3
85,1,0,3
85,1,0,3
85,1,0,3
86,1,0,3
86,1,0,3
86,1,0,3
86,1,0,3
86,1,0,3
87,1,0,3
87,1,0,3
87,1,0,3
87,1,0,3
87,1,0,3
88,1,0,3
88,1,0,3
88,1,0,3
88,1,0,3
88,1,0,3
89,1,0,3
89,1,0,3
89,1,0,3
89,1,0,3
89,1,0,3
90,1,0,3
90,1,1,3
90,1,1,3
90,1,1,3
90,1,1,3
91,1,1,3
91,1,1,3
91,1,1,3
91,1,1,3
91,1,1,3
92,1,1,3
92,1,1,3
92,1,1,3
92,1,1,3
92,1,1,3
93,1,1,3
93,1,1,3
93,1,1,3
93,1,1,3
93,1,1,3
94,1,0,3
94,0,0,3
94,0,0,3
94,1,0,3
94,1,0,3
95,1,0,3
95,1,0,3
95,1,0,3
95,1,0,3
95,1,0,3
96,1,0,3
96,1,0,3
96,1,0,3
96,1,0,3
96,1,0,3
97,0,0,3
97,1,0,3
97,1,0,3
97,1,0,3
97,1,0,3
98,1,0,3
98,0,1,3
98,1,1,3
98,1,1,3
98,0,1,3
99,1,1,3
99,0,1,3
99,1,1,3
99,1,1,3
99,1,1,3
100,1,1,3
100,1,1,3
100,1,1,3
100,1,1,3
100,1,1,3
101,1,1,3
101,0,1,3
101,1,1,3
101,1,1,3
101,1,1,3
102,0,1,3
102,1,1,3
102,1,1,3
102,1,1,3
102,1,1,3
103,1,1,3
103,1,1,3
103,1,1,3
103,1,1,3
103,1,1,3
104,1,1,3
104,0,1,3
104,0,1,3
104,1,1,3
104,0,1,3
105,1,1,3
105,1,1,3
105,1,1,3
105,0,1,3
105,1,1,3
106,1,1,3
106,0,1,3
106,1,1,3
106,1,1,3
106,1,1,3
107,1,1,3
107,1,1,3
107,1,1,3
107,1,1,3
107,1,1,3
108,1,1,3
108,1,1,3
108,1,1,3
108,1,1,3
108,1,1,3
109,1,1,3
109,1,1,3
109,1,1,3
109,1,1,3
109,1,1,3
110,1,1,3
110,1,1,3
110,1,1,3
110,1,1,3
110,1,1,3
111,1,1,3
111,1,1,3
111,1,1,3
111,1,1,3
111,1,1,3
112,1,1,3
112,1,1,3
112,1,1,3
112,0,0,3
112,0,0,3
113,0,0,3
113,0,0,3
113,0,0,3
113,0,0,3
113,0,0,3
114,0,0,3
114,0,0,3
114,0,0,3
114,0,0,3
114,0,0,3
115,0,0,3
115,0,0,3
115,0,0,3
115,0,0,3
115,0,0,3
116,0,0,3
116,0,0,3
116,0,0,3
116,0,0,3
116,0,0,3
117,0,0,3
117,0,0,3
117,0,0,3
117,0,0,3
117,0,0,3
118,0,0,3
118,0,0,3
118,0,0,3
118,0,0,3
118,0,0,3
119,0,0,3
119,0,0,3
119,0,0,3
119,0,0,3
119,0,0,3
120,0,0,3
120,0,0,3
120,0,0,3
120,0,1,3
120,1,1,3
121,1,1,3
121,0,1,3
121,1,1,3
121,1,1,3
121,1,1,3
122,0,1,3
122,0,1,3
122,0,1,3
122,0,1,3
122,1,1,3
123,1,1,3
123,0,1,3
123,0,1,3
123,0,1,3
123,1,1,3
124,0,0,3
124,0,0,3
124,0,0,3
124,0,0,3
124,0,0,3
125,0,0,3
125,0,0,3
125,0,0,3
125,0,0,3
125,0,0,3
126,0,0,3
126,0,0,3
126,0,0,3
126,0,0,3
126,0,0,3
127,0,0,3
127,0,0,3
127,0,0,3
127,0,0,3
127,0,0,3
128,1,0,3
128,0,0,3
128,0,0,3
128,0,0,3
128,0,0,3
129,1,0,3
129,0,0,3
129,0,0,3
129,1,0,3
129,0,0,3
130,0,0,3
130,0,0,3
130,1,0,3
130,0,0,3
130,0,0,3
131,0,0,3
131,1,0,3
131,0,0,3
131,1,0,3
131,0,0,3
132,0,0,3
132,0,0,3
132,0,0,3
132,0,0,3
132,0,0,3
133,0,0,3
133,1,1,3
133,0,1,3
133,1,1,3
133,1,1,3
134,0,1,3
134,1,1,3
134,0,1,3
134,0,1,3
134,0,1,3
135,0,1,3
135,0,1,3
135,1,1,3
135,1,1,3
135,0,1,3
136,0,1,3
136,0,1,3
136,1,1,3
136,0,1,3
136,0,1,3
137,0,1,3
137,0,1,3
137,1,1,3
137,0,1,3
137,0,1,3
138,0,0,3
138,0,0,3
138,0,0,3
138,0,0,3
138,0,0,3
139,0,0,3
139,0,0,3
139,1,0,3
139,0,0,3
139,0,0,3
140,0,0,3
140,0,0,3
140,0,0,3
140,0,0,3
140,0,0,3
141,0,0,3
141,0,0,3
141,0,0,3
141,0,0,3
141,0,0,3
142,0,0,3
142,1,0,3
142,0,0,3
142,0,0,3
142,0,0,3
143,0,0,3
143,0,0,3
143,0,0,3
143,0,0,3
143,0,0,3
144,0,0,3
144,0,0,3
144,0,0,3
144,0,0,3
144,0,0,3
145,0,0,3
145,0,0,3
145,0,1,3
145,0,1,3
145,0,1,3
146,0,1,3
146,0,1,3
146,0,1,3
146,0,0,3
146,0,0,3
147,0,0,3
147,0,0,3
147,0,0,3
147,0,0,3
147,0,0,3
148,0,0,3
148,0,0,3
148,0,0,3
148,0,0,3
148,0,0,3
149,0,0,3
149,0,0,3
149,0,0,3
149,0,0,3
149,0,0,3
150,0,0,3
150,0,0,3
150,0,0,3
150,0,0,3
150,0,0,3
151,1,1,3
151,1,1,3
151,1,1,3
151,0,1,3
151,0,1,3
152,0,1,3
152,1,1,3
152,0,1,3
152,0,1,3
152,1,1,3
153,0,1,3
0,0,1,4
0,0,1,4
0,0,0,4
0,0,0,4
0,1,1,4
1,1,1,4
1,0,1,4
1,0,1,4
1,0,1,4
1,0,1,4
2,0,1,4
2,0,1,4
2,1,1,4
2,0,1,4
2,0,1,4
3,0,0,4
3,0,0,4
3,0,1,4
3,1,1,4
3,0,0,4
4,0,0,4
4,0,0,4
4,0,0,4
4,0,0,4
4,0,0,4
5,1,0,4
5,0,0,4
5,0,0,4
5,1,0,4
5,1,0,4
6,0,0,4
6,0,0,4
6,1,0,4
6,0,0,4
6,1,0,4
7,0,0,4
7,0,0,4
7,0,0,4
7,0,0,4
7,1,0,4
8,0,0,4
8,0,0,4
8,0,0,4
8,1,0,4
8,0,0,4
9,1,0,4
9,0,0,4
9,0,0,4
9,1,0,4
9,1,0,4
10,1,0,4
10,1,0,4
10,0,0,4
10,1,0,4
10,0,0,4
11,0,0,4
11,0,0,4
11,1,0,4
11,0,0,4
11,1,0,4
12,0,0,4
12,0,0,4
12,0,0,4
12,0,0,4
12,0,0,4
13,0,0,4
13,0,0,4
13,0,0,4
13,0,0,4
13,0,0,4
14,0,0,4
14,0,0,4
14,0,0,4
14,0,0,4
14,0,0,4
15,0,0,4
15,0,0,4
15,0,0,4
15,0,0,4
15,0,0,4
16,0,0,4
16,0,0,4
16,0,0,4
16,0,0,4
16,0,0,4
17,0,0,4
17,0,0,4
17,0,0,4
17,0,0,4
17,0,0,4
18,0,0,4
18,0,0,4
18,0,0,4
18,0,0,4
18,0,0,4
19,0,0,4
19,0,0,4
19,0,0,4
19,0,0,4
19,0,0,4
20,0,0,4
20,0,0,4
20,0,0,4
20,0,0,4
20,0,0,4
21,0,0,4
21,0,0,4
21,0,0,4
21,0,0,4
21,1,1,4
22,0,1,4
22,0,1,4
22,0,1,4
22,0,0,4
22,0,0,4
23,0,0,4
23,0,0,4
23,0,0,4
23,0,0,4
23,0,0,4
24,0,0,4
24,0,0,4
24,0,0,4
24,0,1,4
24,0,1,4
25,0,1,4
25,0,1,4
25,1,1,4
25,0,0,4
25,0,0,4
26,0,0,4
26,0,0,4
26,0,0,4
26,0,0,4
26,0,0,4
27,0,0,4
27,0,0,4
27,0,0,4
27,0,0,4
27,0,0,4
28,0,1,4
28,0,1,4
28,0,1,4
28,0,0,4
28,0,0,4
29,0,0,4
29,0,0,4
29,0,0,4
29,0,0,4
29,0,0,4
30,0,0,4
30,0,0,4
30,0,1,4
30,0,1,4
30,0,1,4
31,0,1,4
31,0,1,4
31,0,1,4
31,0,1,4
31,1,1,4
32,0,1,4
32,0,1,4
32,0,1,4
32,0,1,4
32,0,1,4
33,0,1,4
33,0,1,4
33,1,1,4
33,0,1,4
33,0,1,4
34,0,1,4
34,0,1,4
34,0,1,4
34,1,1,4
34,0,1,4
35,0,1,4
35,0,0,4
35,0,0,4
35,0,0,4
35,0,0,4
36,0,0,4
36,0,0,4
36,0,1,4
36,0,1,4
36,0,1,4
37,0,1,4
37,0,1,4
37,0,1,4
37,0,1,4
37,0,1,4
38,0,1,4
38,0,0,4
38,0,0,4
38,0,0,4
38,0,0,4
39,0,0,4
39,0,0,4
39,0,0,4
39,0,0,4
39,0,0,4
40,0,0,4
40,0,1,4
40,0,1,4
40,0,1,4
40,1,1,4
41,1,1,4
41,0,1,4
41,1,1,4
41,0,1,4
41,1,1,4
42,1,1,4
42,1,1,4
42,1,1,4
42,1,1,4
42,1,1,4
43,1,1,4
43,1,1,4
43,1,1,4
43,1,1,4
43,1,1,4
44,1,1,4
44,1,1,4
44,1,1,4
44,1,1,4
44,1,1,4
45,1,1,4
45,1,1,4
45,1,1,4
45,1,1,4
45,1,1,4
46,1,1,4
46,1,1,4
46,1,1,4
46,1,1,4
46,1,1,4
47,1,1,4
47,1,1,4
47,1,1,4
47,1,1,4
47,1,1,4
48,1,1,4
48,1,1,4
48,1,1,4
48,1,1,4
48,1,1,4
49,1,1,4
49,1,1,4
49,1,1,4
49,1,1,4
49,1,1,4
50,1,1,4
50,1,1,4
50,1,1,4
50,1,1,4
50,1,1,4
51,1,1,4
51,1,1,4
51,1,1,4
51,1,1,4
51,1,1,4
52,1,1,4
52,1,1,4
52,1,1,4
52,1,1,4
52,1,1,4
53,1,1,4
53,1,1,4
53,1,1,4
53,1,1,4
53,1,1,4
54,1,1,4
54,1,1,4
54,1,1,4
54,1,1,4
54,1,1,4
55,1,1,4
55,1,1,4
55,1,1,4
55,1,1,4
55,1,1,4
56,1,1,4
56,1,1,4
56,1,1,4
56,1,1,4
56,1,1,4
57,1,1,4
57,1,1,4
57,1,1,4
57,1,1,4
57,1,1,4
58,1,1,4
58,1,1,4
58,1,1,4
58,1,1,4
58,1,1,4
59,1,1,4
59,1,1,4
59,1,1,4
59,1,1,4
59,1,0,4
60,1,1,4
60,1,1,4
60,1,1,4
60,1,1,4
60,1,1,4
61,1,1,4
61,1,1,4
61,1,1,4
61,1,1,4
61,1,1,4
62,1,1,4
62,1,1,4
62,1,1,4
62,1,1,4
62,1,1,4
63,1,1,4
63,1,1,4
63,1,1,4
63,1,1,4
63,1,1,4
64,1,1,4
64,1,1,4
64,1,1,4
64,1,1,4
64,1,1,4
65,1,1,4
65,1,1,4
65,1,1,4
65,1,1,4
65,1,1,4
66,1,1,4
66,1,1,4
66,1,1,4
66,1,1,4
66,1,1,4
67,1,1,4
67,1,1,4
67,1,1,4
67,1,1,4
67,1,1,4
68,1,1,4
68,1,1,4
68,1,1,4
68,1,1,4
68,1,1,4
69,1,1,4
69,1,1,4
69,1,1,4
69,1,1,4
69,1,1,4
70,1,1,4
70,1,1,4
70,1,1,4
70,1,1,4
70,1,1,4
71,1,1,4
71,1,1,4
71,1,1,4
71,1,1,4
71,1,1,4
72,1,1,4
72,1,1,4
72,1,1,4
72,1,1,4
72,1,1,4
73,1,1,4
73,1,1,4
73,1,1,4
73,1,1,4
73,1,1,4
74,1,1,4
74,1,1,4
74,1,1,4
74,1,1,4
74,1,1,4
75,1,1,4
75,1,1,4
75,1,1,4
75,1,1,4
75,1,1,4
76,1,1,4
76,1,1,4
76,1,1,4
76,1,1,4
76,1,1,4
77,1,1,4
77,1,1,4
77,1,1,4
77,1,1,4
77,1,1,4
78,1,1,4
78,1,1,4
78,1,1,4
78,1,1,4
78,1,1,4
79,1,1,4
79,1,1,4
79,1,1,4
79,1,1,4
79,1,1,4
80,1,1,4
80,1,1,4
80,1,1,4
80,1,1,4
80,1,1,4
81,1,1,4
81,1,1,4
81,1,1,4
81,1,1,4
81,1,1,4
82,1,1,4
82,1,1,4
82,1,1,4
82,1,1,4
82,1,1,4
83,1,1,4
83,1,1,4
83,1,1,4
83,1,1,4
83,1,1,4
84,1,1,4
84,1,1,4
84,1,0,4
84,1,0,4
84,1,0,4
85,1,0,4
85,1,0,4
85,1,0,4
85,1,0,4
85,1,0,4
86,1,0,4
86,1,0,4
86,1,0,4
86,1,0,4
86,1,0,4
87,1,0,4
87,1,0,4
87,1,0,4
87,1,0,4
87,1,0,4
88,1,0,4
88,1,0,4
88,1,0,4
88,1,0,4
88,1,0,4
89,1,0,4
89,1,0,4
89,1,0,4
89,1,0,4
89,1,0,4
90,1,0,4
90,1,1,4
90,1,1,4
90,1,1,4
90,1,1,4
91,1,1,4
91,1,1,4
91,1,1,4
91,1,1,4
91,1,1,4
92,1,1,4
92,1,1,4
92,1,1,4
92,1,1,4
92,1,1,4
93,1,1,4
93,1,1,4
93,1,1,4
93,1,1,4
93,1,1,4
94,1,0,4
94,0,0,4
94,0,0,4
94,1,0,4
94,1,0,4
95,1,0,4
95,1,0,4
95,1,0,4
95,1,0,4
95,1,0,4
96,1,0,4
96,1,0,4
96,1,0,4
96,1,0,4
96,1,0,4
97,1,0,4
97,1,0,4
97,1,0,4
97,1,0,4
97,1,0,4
98,1,0,4
98,1,1,4
98,1,1,4
98,1,1,4
98,1,1,4
99,1,1,4
99,1,1,4
99,1,1,4
99,1,1,4
99,1,1,4
100,1,1,4
100,1,1,4
100,1,1,4
100,0,1,4
100,0,1,4
101,1,1,4
101,1,1,4
101,1,1,4
101,1,1,4
101,1,1,4
102,0,1,4
102,1,1,4
102,1,1,4
102,1,1,4
102,1,1,4
103,1,1,4
103,1,1,4
103,1,1,4
103,1,1,4
103,1,1,4
104,1,1,4
104,0,1,4
104,1,1,4
104,1,1,4
104,1,1,4
105,1,1,4
105,1,1,4
105,1,1,4
105,1,1,4
105,1,1,4
106,1,1,4
106,0,1,4
106,1,1,4
106,1,1,4
106,1,1,4
107,1,1,4
107,1,1,4
107,1,1,4
107,1,1,4
107,1,1,4
108,1,1,4
108,1,1,4
108,1,1,4
108,1,1,4
108,1,1,4
109,1,1,4
109,1,1,4
109,1,1,4
109,1,1,4
109,1,1,4
110,1,1,4
110,1,1,4
110,1,1,4
110,1,1,4
110,1,1,4
111,1,1,4
111,1,1,4
111,1,1,4
111,1,1,4
111,1,1,4
112,1,1,4
112,1,1,4
112,1,1,4
112,0,0,4
112,0,0,4
113,0,0,4
113,0,0,4
113,0,0,4
113,0,0,4
113,0,0,4
114,0,0,4
114,0,0,4
114,0,0,4
114,0,0,4
114,0,0,4
115,0,0,4
115,0,0,4
115,0,0,4
115,0,0,4
115,0,0,4
116,0,0,4
116,0,0,4
116,0,0,4
116,0,0,4
116,0,0,4
117,0,0,4
117,0,0,4
117,0,0,4
117,0,0,4
117,0,0,4
118,0,0,4
118,0,0,4
118,0,0,4
118,0,0,4
118,0,0,4
119,0,0,4
119,0,0,4
119,0,0,4
119,0,0,4
119,0,0,4
120,0,0,4
120,0,0,4
120,0,0,4
120,0,1,4
120,0,1,4
121,1,1,4
121,1,1,4
121,0,1,4
121,1,1,4
121,1,1,4
122,1,1,4
122,0,1,4
122,0,1,4
122,0,1,4
122,1,1,4
123,1,1,4
123,0,1,4
123,1,1,4
123,1,1,4
123,0,1,4
124,0,0,4
124,0,0,4
124,0,0,4
124,0,0,4
124,0,0,4
125,0,0,4
125,0,0,4
125,0,0,4
125,0,0,4
125,0,0,4
126,0,0,4
126,0,0,4
126,0,0,4
126,0,0,4
126,0,0,4
127,0,0,4
127,0,0,4
127,0,0,4
127,0,0,4
127,0,0,4
128,0,0,4
128,0,0,4
128,0,0,4
128,0,0,4
128,0,0,4
129,0,0,4
129,0,0,4
129,0,0,4
129,0,0,4
129,0,0,4
130,0,0,4
130,0,0,4
130,0,0,4
130,0,0,4
130,0,0,4
131,0,0,4
131,0,0,4
131,0,0,4
131,0,0,4
131,1,0,4
132,0,0,4
132,0,0,4
132,0,0,4
132,0,0,4
132,0,0,4
133,0,0,4
133,1,1,4
133,0,1,4
133,1,1,4
133,1,1,4
134,0,1,4
134,1,1,4
134,0,1,4
134,0,1,4
134,1,1,4
135,0,1,4
135,0,1,4
135,1,1,4
135,1,1,4
135,0,1,4
136,1,1,4
136,0,1,4
136,1,1,4
136,1,1,4
136,1,1,4
137,1,1,4
137,0,1,4
137,1,1,4
137,1,1,4
137,1,1,4
138,0,0,4
138,0,0,4
138,0,0,4
138,0,0,4
138,0,0,4
139,1,0,4
139,0,0,4
139,0,0,4
139,0,0,4
139,0,0,4
140,0,0,4
140,0,0,4
140,0,0,4
140,0,0,4
140,1,0,4
141,1,0,4
141,0,0,4
141,0,0,4
141,0,0,4
141,1,0,4
142,0,0,4
142,0,0,4
142,0,0,4
142,0,0,4
142,0,0,4
143,0,0,4
143,0,0,4
143,0,0,4
143,0,0,4
143,0,0,4
144,0,0,4
144,0,0,4
144,0,0,4
144,0,0,4
144,0,0,4
145,0,0,4
145,0,0,4
145,0,1,4
145,0,1,4
145,0,1,4
146,0,1,4
146,0,1,4
146,0,1,4
146,0,0,4
146,0,0,4
147,0,0,4
147,0,0,4
147,0,0,4
147,0,0,4
147,0,0,4
148,0,0,4
148,0,0,4
148,0,0,4
148,0,0,4
148,0,0,4
149,0,0,4
149,0,0,4
149,0,0,4
149,0,0,4
149,0,0,4
150,0,0,4
150,0,0,4
150,0,0,4
150,0,0,4
150,0,0,4
151,1,1,4
151,1,1,4
151,1,1,4
151,0,1,4
151,1,1,4
152,0,1,4
152,0,1,4
152,0,1,4
152,0,1,4
152,1,1,4
153,1,1,4
0,0,1,5
0,0,1,5
0,0,0,5
0,0,0,5
0,0,1,5
1,1,1,5
1,0,1,5
1,0,1,5
1,0,1,5
1,1,1,5
2,0,1,5
2,0,1,5
2,0,1,5
2,0,1,5
2,0,1,5
3,0,0,5
3,0,0,5
3,0,1,5
3,1,1,5
3,0,0,5
4,0,0,5
4,0,0,5
4,0,0,5
4,0,0,5
4,0,0,5
5,0,0,5
5,0,0,5
5,0,0,5
5,1,0,5
5,0,0,5
6,1,0,5
6,0,0,5
6,0,0,5
6,0,0,5
6,0,0,5
7,0,0,5
7,0,0,5
7,0,0,5
7,0,0,5
7,1,0,5
8,0,0,5
8,0,0,5
8,0,0,5
8,0,0,5
8,0,0,5
9,1,0,5
9,0,0,5
9,0,0,5
9,1,0,5
9,0,0,5
10,0,0,5
10,1,0,5
10,0,0,5
10,0,0,5
10,0,0,5
11,0,0,5
11,1,0,5
11,1,0,5
11,0,0,5
11,1,0,5
12,0,0,5
12,0,0,5
12,0,0,5
12,0,0,5
12,0,0,5
13,0,0,5
13,0,0,5
13,0,0,5
13,0,0,5
13,0,0,5
14,0,0,5
14,0,0,5
14,0,0,5
14,0,0,5
14,1,0,5
15,0,0,5
15,0,0,5
15,0,0,5
15,0,0,5
15,0,0,5
16,0,0,5
16,0,0,5
16,0,0,5
16,0,0,5
16,0,0,5
17,0,0,5
17,0,0,5
17,0,0,5
17,0,0,5
17,0,0,5
18,0,0,5
18,0,0,5
18,0,0,5
18,0,0,5
18,0,0,5
19,0,0,5
19,0,0,5
19,0,0,5
19,0,0,5
19,0,0,5
20,0,0,5
20,0,0,5
20,0,0,5
20,0,0,5
20,0,0,5
21,0,0,5
21,0,0,5
21,0,0,5
21,0,0,5
21,1,1,5
22,1,1,5
22,1,1,5
22,1,1,5
22,0,0,5
22,0,0,5
23,0,0,5
23,0,0,5
23,0,0,5
23,0,0,5
23,0,0,5
24,0,0,5
24,0,0,5
24,0,0,5
24,0,1,5
24,0,1,5
25,0,1,5
25,0,1,5
25,1,1,5
25,0,0,5
25,0,0,5
26,0,0,5
26,0,0,5
26,0,0,5
26,0,0,5
26,0,0,5
27,0,0,5
27,0,0,5
27,0,0,5
27,0,0,5
27,0,0,5
28,1,1,5
28,1,1,5
28,1,1,5
28,0,0,5
28,0,0,5
29,0,0,5
29,0,0,5
29,0,0,5
29,0,0,5
29,0,0,5
30,0,0,5
30,0,0,5
30,1,1,5
30,0,1,5
30,0,1,5
31,0,1,5
31,1,1,5
31,0,1,5
31,0,1,5
31,1,1,5
32,0,1,5
32,1,1,5
32,1,1,5
32,1,1,5
32,0,1,5
33,0,1,5
33,0,1,5
33,1,1,5
33,1,1,5
33,0,1,5
34,0,1,5
34,0,1,5
34,0,1,5
34,1,1,5
34,0,1,5
35,0,1,5
35,0,0,5
35,0,0,5
35,0,0,5
35,0,0,5
36,0,0,5
36,0,0,5
36,0,1,5
36,0,1,5
36,0,1,5
37,0,1,5
37,0,1,5
37,0,1,5
37,0,1,5
37,0,1,5
38,1,1,5
38,0,0,5
38,0,0,5
38,0,0,5
38,0,0,5
39,0,0,5
39,0,0,5
39,0,0,5
39,0,0,5
39,0,0,5
40,0,0,5
40,0,1,5
40,0,1,5
40,1,1,5
40,1,1,5
41,1,1,5
41,0,1,5
41,1,1,5
41,0,1,5
41,1,1,5
42,1,1,5
42,1,1,5
42,1,1,5
42,1,1,5
42,1,1,5
43,1,1,5
43,1,1,5
43,1,1,5
43,0,1,5
43,1,1,5
44,1,1,5
44,1,1,5
44,1,1,5
44,1,1,5
44,1,1,5
45,1,1,5
45,1,1,5
45,1,1,5
45,1,1,5
45,1,1,5
46,1,1,5
46,1,1,5
46,1,1,5
46,1,1,5
46,1,1,5
47,1,1,5
47,1,1,5
47,1,1,5
47,0,1,5
47,1,1,5
48,1,1,5
48,1,1,5
48,1,1,5
48,1,1,5
48,1,1,5
49,1,1,5
49,1,1,5
49,1,1,5
49,1,1,5
49,1,1,5
50,1,1,5
50,1,1,5
50,1,1,5
50,1,1,5
50,1,1,5
51,1,1,5
51,1,1,5
51,1,1,5
51,1,1,5
51,1,1,5
52,1,1,5
52,1,1,5
52,1,1,5
52,1,1,5
52,1,1,5
53,1,1,5
53,1,1,5
53,1,1,5
53,1,1,5
53,1,1,5
54,1,1,5
54,1,1,5
54,1,1,5
54,1,1,5
54,1,1,5
55,1,1,5
55,1,1,5
55,1,1,5
55,1,1,5
55,1,1,5
56,1,1,5
56,1,1,5
56,1,1,5
56,1,1,5
56,1,1,5
57,1,1,5
57,1,1,5
57,1,1,5
57,1,1,5
57,1,1,5
58,1,1,5
58,1,1,5
58,1,1,5
58,1,1,5
58,1,1,5
59,1,1,5
59,1,1,5
59,1,1,5
59,1,1,5
59,1,0,5
60,1,1,5
60,1,1,5
60,1,1,5
60,1,1,5
60,1,1,5
61,1,1,5
61,1,1,5
61,1,1,5
61,1,1,5
61,1,1,5
62,1,1,5
62,1,1,5
62,1,1,5
62,1,1,5
62,1,1,5
63,1,1,5
63,1,1,5
63,1,1,5
63,1,1,5
63,1,1,5
64,1,1,5
64,1,1,5
64,1,1,5
64,1,1,5
64,1,1,5
65,1,1,5
65,1,1,5
65,1,1,5
65,1,1,5
65,1,1,5
66,1,1,5
66,1,1,5
66,1,1,5
66,1,1,5
66,1,1,5
67,1,1,5
67,1,1,5
67,1,1,5
67,1,1,5
67,1,1,5
68,1,1,5
68,1,1,5
68,1,1,5
68,1,1,5
68,1,1,5
69,1,1,5
69,1,1,5
69,1,1,5
69,1,1,5
69,1,1,5
70,1,1,5
70,1,1,5
70,1,1,5
70,1,1,5
70,1,1,5
71,1,1,5
71,1,1,5
71,1,1,5
71,1,1,5
71,1,1,5
72,1,1,5
72,1,1,5
72,1,1,5
72,1,1,5
72,1,1,5
73,1,1,5
73,1,1,5
73,1,1,5
73,1,1,5
73,1,1,5
74,1,1,5
74,1,1,5
74,1,1,5
74,1,1,5
74,1,1,5
75,1,1,5
75,1,1,5
75,1,1,5
75,1,1,5
75,1,1,5
76,1,1,5
76,1,1,5
76,1,1,5
76,1,1,5
76,1,1,5
77,1,1,5
77,1,1,5
77,1,1,5
77,1,1,5
77,1,1,5
78,1,1,5
78,1,1,5
78,1,1,5
78,1,1,5
78,1,1,5
79,1,1,5
79,1,1,5
79,1,1,5
79,1,1,5
79,1,1,5
80,1,1,5
80,1,1,5
80,1,1,5
80,1,1,5
80,1,1,5
81,1,1,5
81,1,1,5
81,1,1,5
81,1,1,5
81,1,1,5
82,1,1,5
82,1,1,5
82,1,1,5
82,1,1,5
82,1,1,5
83,1,1,5
83,1,1,5
83,1,1,5
83,1,1,5
83,1,1,5
84,1,1,5
84,1,1,5
84,1,0,5
84,1,0,5
84,1,0,5
85,1,0,5
85,1,0,5
85,1,0,5
85,0,0,5
85,1,0,5
86,1,0,5
86,1,0,5
86,1,0,5
86,1,0,5
86,0,0,5
87,1,0,5
87,1,0,5
87,1,0,5
87,1,0,5
87,1,0,5
88,0,0,5
88,0,0,5
88,1,0,5
88,1,0,5
88,1,0,5
89,1,0,5
89,1,0,5
89,1,0,5
89,1,0,5
89,1,0,5
90,1,0,5
90,1,1,5
90,1,1,5
90,1,1,5
90,1,1,5
91,1,1,5
91,1,1,5
91,1,1,5
91,1,1,5
91,1,1,5
92,1,1,5
92,1,1,5
92,1,1,5
92,1,1,5
92,1,1,5
93,1,1,5
93,1,1,5
93,1,1,5
93,1,1,5
93,1,1,5
94,1,0,5
94,0,0,5
94,1,0,5
94,1,0,5
94,1,0,5
95,1,0,5
95,1,0,5
95,1,0,5
95,0,0,5
95,1,0,5
96,1,0,5
96,1,0,5
96,1,0,5
96,1,0,5
96,1,0,5
97,1,0,5
97,0,0,5
97,1,0,5
97,0,0,5
97,1,0,5
98,1,0,5
98,1,1,5
98,1,1,5
98,1,1,5
98,1,1,5
99,1,1,5
99,1,1,5
99,1,1,5
99,1,1,5
99,1,1,5
100,1,1,5
100,1,1,5
100,1,1,5
100,1,1,5
100,1,1,5
101,1,1,5
101,1,1,5
101,1,1,5
101,1,1,5
101,1,1,5
102,1,1,5
102,1,1,5
102,1,1,5
102,1,1,5
102,1,1,5
103,1,1,5
103,1,1,5
103,1,1,5
103,1,1,5
103,1,1,5
104,1,1,5
104,1,1,5
104,1,1,5
104,1,1,5
104,1,1,5
105,1,1,5
105,1,1,5
105,1,1,5
105,1,1,5
105,1,1,5
106,1,1,5
106,0,1,5
106,1,1,5
106,1,1,5
106,1,1,5
107,1,1,5
107,1,1,5
107,1,1,5
107,1,1,5
107,1,1,5
108,1,1,5
108,1,1,5
108,1,1,5
108,1,1,5
108,1,1,5
109,1,1,5
109,1,1,5
109,1,1,5
109,1,1,5
109,1,1,5
110,1,1,5
110,1,1,5
110,1,1,5
110,1,1,5
110,1,1,5
111,1,1,5
111,1,1,5
111,1,1,5
111,1,1,5
111,1,1,5
112,1,1,5
112,1,1,5
112,1,1,5
112,0,0,5
112,0,0,5
113,0,0,5
113,0,0,5
113,0,0,5
113,0,0,5
113,0,0,5
114,0,0,5
114,0,0,5
114,0,0,5
114,0,0,5
114,0,0,5
115,1,0,5
115,0,0,5
115,0,0,5
115,0,0,5
115,0,0,5
116,0,0,5
116,0,0,5
116,0,0,5
116,0,0,5
116,0,0,5
117,0,0,5
117,0,0,5
117,0,0,5
117,0,0,5
117,0,0,5
118,0,0,5
118,0,0,5
118,0,0,5
118,0,0,5
118,0,0,5
119,0,0,5
119,0,0,5
119,0,0,5
119,0,0,5
119,0,0,5
120,0,0,5
120,0,0,5
120,1,0,5
120,0,1,5
120,1,1,5
121,1,1,5
121,1,1,5
121,1,1,5
121,1,1,5
121,1,1,5
122,1,1,5
122,1,1,5
122,0,1,5
122,1,1,5
122,1,1,5
123,1,1,5
123,1,1,5
123,1,1,5
123,1,1,5
123,1,1,5
124,0,0,5
124,0,0,5
124,0,0,5
124,0,0,5
124,0,0,5
125,0,0,5
125,0,0,5
125,0,0,5
125,0,0,5
125,0,0,5
126,0,0,5
126,1,0,5
126,0,0,5
126,0,0,5
126,0,0,5
127,0,0,5
127,0,0,5
127,0,0,5
127,0,0,5
127,0,0,5
128,0,0,5
128,0,0,5
128,0,0,5
128,0,0,5
128,0,0,5
129,0,0,5
129,0,0,5
129,0,0,5
129,0,0,5
129,0,0,5
130,0,0,5
130,0,0,5
130,0,0,5
130,0,0,5
130,0,0,5
131,0,0,5
131,0,0,5
131,0,0,5
131,0,0,5
131,0,0,5
132,0,0,5
132,0,0,5
132,0,0,5
132,0,0,5
132,0,0,5
133,0,0,5
133,1,1,5
133,0,1,5
133,1,1,5
133,1,1,5
134,0,1,5
134,1,1,5
134,1,1,5
134,1,1,5
134,1,1,5
135,1,1,5
135,0,1,5
135,1,1,5
135,1,1,5
135,0,1,5
136,1,1,5
136,0,1,5
136,1,1,5
136,1,1,5
136,1,1,5
137,1,1,5
137,0,1,5
137,1,1,5
137,0,1,5
137,1,1,5
138,0,0,5
138,0,0,5
138,0,0,5
138,0,0,5
138,0,0,5
139,1,0,5
139,0,0,5
139,0,0,5
139,0,0,5
139,0,0,5
140,0,0,5
140,0,0,5
140,0,0,5
140,0,0,5
140,0,0,5
141,0,0,5
141,0,0,5
141,0,0,5
141,0,0,5
141,0,0,5
142,0,0,5
142,0,0,5
142,0,0,5
142,0,0,5
142,0,0,5
143,0,0,5
143,0,0,5
143,0,0,5
143,0,0,5
143,0,0,5
144,0,0,5
144,0,0,5
144,0,0,5
144,0,0,5
144,0,0,5
145,0,0,5
145,0,0,5
145,0,1,5
145,1,1,5
145,1,1,5
146,0,1,5
146,0,1,5
146,0,1,5
146,0,0,5
146,0,0,5
147,0,0,5
147,0,0,5
147,0,0,5
147,0,0,5
147,0,0,5
148,0,0,5
148,0,0,5
148,0,0,5
148,0,0,5
148,0,0,5
149,1,0,5
149,0,0,5
149,0,0,5
149,1,0,5
149,0,0,5
150,0,0,5
150,0,0,5
150,0,0,5
150,0,0,5
150,0,0,5
151,1,1,5
151,1,1,5
151,1,1,5
151,1,1,5
151,1,1,5
152,0,1,5
152,1,1,5
152,1,1,5
152,0,1,5
152,1,1,5
153,1,1,5
0,0,1,6
0,0,1,6
0,0,0,6
0,0,0,6
0,1,1,6
1,1,1,6
1,0,1,6
1,1,1,6
1,0,1,6
1,1,1,6
2,0,1,6
2,0,1,6
2,1,1,6
2,0,1,6
2,1,1,6
3,0,0,6
3,0,0,6
3,1,1,6
3,1,1,6
3,0,0,6
4,0,0,6
4,0,0,6
4,0,0,6
4,0,0,6
4,0,0,6
5,0,0,6
5,0,0,6
5,0,0,6
5,0,0,6
5,0,0,6
6,0,0,6
6,0,0,6
6,0,0,6
6,0,0,6
6,0,0,6
7,0,0,6
7,0,0,6
7,0,0,6
7,0,0,6
7,1,0,6
8,0,0,6
8,0,0,6
8,0,0,6
8,0,0,6
8,0,0,6
9,0,0,6
9,0,0,6
9,0,0,6
9,0,0,6
9,0,0,6
10,0,0,6
10,0,0,6
10,0,0,6
10,0,0,6
10,0,0,6
11,0,0,6
11,0,0,6
11,0,0,6
11,0,0,6
11,0,0,6
12,0,0,6
12,0,0,6
12,0,0,6
12,0,0,6
12,0,0,6
13,0,0,6
13,0,0,6
13,0,0,6
13,0,0,6
13,0,0,6
14,0,0,6
14,0,0,6
14,0,0,6
14,0,0,6
14,0,0,6
15,0,0,6
15,0,0,6
15,0,0,6
15,0,0,6
15,0,0,6
16,0,0,6
16,0,0,6
16,0,0,6
16,0,0,6
16,0,0,6
17,0,0,6
17,0,0,6
17,0,0,6
17,0,0,6
17,0,0,6
18,0,0,6
18,0,0,6
18,0,0,6
18,0,0,6
18,0,0,6
19,0,0,6
19,0,0,6
19,0,0,6
19,0,0,6
19,0,0,6
20,0,0,6
20,0,0,6
20,0,0,6
20,0,0,6
20,0,0,6
21,0,0,6
21,0,0,6
21,0,0,6
21,0,0,6
21,1,1,6
22,1,1,6
22,1,1,6
22,1,1,6
22,0,0,6
22,0,0,6
23,0,0,6
23,0,0,6
23,0,0,6
23,0,0,6
23,0,0,6
24,0,0,6
24,0,0,6
24,1,0,6
24,1,1,6
24,0,1,6
25,0,1,6
25,0,1,6
25,1,1,6
25,0,0,6
25,0,0,6
26,0,0,6
26,0,0,6
26,0,0,6
26,0,0,6
26,0,0,6
27,0,0,6
27,1,0,6
27,0,0,6
27,0,0,6
27,0,0,6
28,1,1,6
28,1,1,6
28,1,1,6
28,0,0,6
28,0,0,6
29,0,0,6
29,0,0,6
29,0,0,6
29,0,0,6
29,0,0,6
30,0,0,6
30,0,0,6
30,1,1,6
30,1,1,6
30,1,1,6
31,1,1,6
31,1,1,6
31,0,1,6
31,1,1,6
31,1,1,6
32,1,1,6
32,1,1,6
32,1,1,6
32,1,1,6
32,1,1,6
33,0,1,6
33,0,1,6
33,1,1,6
33,1,1,6
33,1,1,6
34,0,1,6
34,1,1,6
34,1,1,6
34,1,1,6
34,0,1,6
35,1,1,6
35,0,0,6
35,0,0,6
35,0,0,6
35,0,0,6
36,0,0,6
36,0,0,6
36,0,1,6
36,0,1,6
36,0,1,6
37,1,1,6
37,1,1,6
37,0,1,6
37,0,1,6
37,1,1,6
38,1,1,6
38,0,0,6
38,0,0,6
38,0,0,6
38,0,0,6
39,0,0,6
39,0,0,6
39,0,0,6
39,0,0,6
39,0,0,6
40,0,0,6
40,0,1,6
40,0,1,6
40,1,1,6
40,1,1,6
41,1,1,6
41,0,1,6
41,1,1,6
41,1,1,6
41,1,1,6
42,1,1,6
42,1,1,6
42,1,1,6
42,1,1,6
42,1,1,6
43,0,1,6
43,1,1,6
43,1,1,6
43,1,1,6
43,1,1,6
44,0,1,6
44,1,1,6
44,1,1,6
44,1,1,6
44,1,1,6
45,1,1,6
45,1,1,6
45,1,1,6
45,1,1,6
45,1,1,6
46,0,1,6
46,1,1,6
46,0,1,6
46,1,1,6
46,0,1,6
47,0,1,6
47,1,1,6
47,1,1,6
47,0,1,6
47,1,1,6
48,1,1,6
48,1,1,6
48,1,1,6
48,0,1,6
48,1,1,6
49,0,1,6
49,1,1,6
49,0,1,6
49,1,1,6
49,1,1,6
50,1,1,6
50,1,1,6
50,1,1,6
50,0,1,6
50,0,1,6
51,1,1,6
51,1,1,6
51,1,1,6
51,1,1,6
51,1,1,6
52,1,1,6
52,1,1,6
52,1,1,6
52,1,1,6
52,1,1,6
53,1,1,6
53,1,1,6
53,0,1,6
53,1,1,6
53,1,1,6
54,1,1,6
54,1,1,6
54,1,1,6
54,1,1,6
54,1,1,6
55,1,1,6
55,1,1,6
55,1,1,6
55,1,1,6
55,1,1,6
56,1,1,6
56,1,1,6
56,1,1,6
56,1,1,6
56,1,1,6
57,1,1,6
57,1,1,6
57,1,1,6
57,1,1,6
57,1,1,6
58,1,1,6
58,1,1,6
58,1,1,6
58,1,1,6
58,1,1,6
59,1,1,6
59,1,1,6
59,1,1,6
59,1,1,6
59,0,0,6
60,1,1,6
60,1,1,6
60,1,1,6
60,1,1,6
60,1,1,6
61,1,1,6
61,1,1,6
61,1,1,6
61,1,1,6
61,1,1,6
62,1,1,6
62,1,1,6
62,1,1,6
62,1,1,6
62,1,1,6
63,1,1,6
63,1,1,6
63,1,1,6
63,1,1,6
63,1,1,6
64,1,1,6
64,1,1,6
64,1,1,6
64,1,1,6
64,1,1,6
65,0,1,6
65,1,1,6
65,1,1,6
65,1,1,6
65,1,1,6
66,1,1,6
66,1,1,6
66,1,1,6
66,1,1,6
66,1,1,6
67,1,1,6
67,1,1,6
67,1,1,6
67,1,1,6
67,1,1,6
68,1,1,6
68,1,1,6
68,1,1,6
68,1,1,6
68,1,1,6
69,1,1,6
69,1,1,6
69,1,1,6
69,1,1,6
69,1,1,6
70,1,1,6
70,1,1,6
70,1,1,6
70,1,1,6
70,1,1,6
71,1,1,6
71,1,1,6
71,1,1,6
71,1,1,6
71,1,1,6
72,1,1,6
72,1,1,6
72,1,1,6
72,1,1,6
72,1,1,6
73,1,1,6
73,1,1,6
73,1,1,6
73,1,1,6
73,1,1,6
74,1,1,6
74,1,1,6
74,1,1,6
74,1,1,6
74,1,1,6
75,1,1,6
75,1,1,6
75,1,1,6
75,1,1,6
75,1,1,6
76,1,1,6
76,1,1,6
76,1,1,6
76,1,1,6
76,1,1,6
77,1,1,6
77,1,1,6
77,1,1,6
77,1,1,6
77,1,1,6
78,1,1,6
78,1,1,6
78,1,1,6
78,1,1,6
78,1,1,6
79,1,1,6
79,1,1,6
79,1,1,6
79,1,1,6
79,1,1,6
80,1,1,6
80,1,1,6
80,1,1,6
80,1,1,6
80,1,1,6
81,1,1,6
81,1,1,6
81,1,1,6
81,1,1,6
81,1,1,6
82,1,1,6
82,1,1,6
82,1,1,6
82,1,1,6
82,1,1,6
83,1,1,6
83,1,1,6
83,1,1,6
83,1,1,6
83,1,1,6
84,1,1,6
84,1,1,6
84,1,0,6
84,1,0,6
84,1,0,6
85,1,0,6
85,1,0,6
85,0,0,6
85,0,0,6
85,1,0,6
86,1,0,6
86,1,0,6
86,1,0,6
86,1,0,6
86,0,0,6
87,1,0,6
87,1,0,6
87,1,0,6
87,0,0,6
87,1,0,6
88,0,0,6
88,0,0,6
88,1,0,6
88,1,0,6
88,0,0,6
89,0,0,6
89,0,0,6
89,1,0,6
89,0,0,6
89,1,0,6
90,0,0,6
90,1,1,6
90,1,1,6
90,1,1,6
90,1,1,6
91,1,1,6
91,1,1,6
91,1,1,6
91,1,1,6
91,1,1,6
92,1,1,6
92,1,1,6
92,1,1,6
92,1,1,6
92,1,1,6
93,1,1,6
93,1,1,6
93,1,1,6
93,1,1,6
93,1,1,6
94,1,0,6
94,0,0,6
94,0,0,6
94,0,0,6
94,0,0,6
95,0,0,6
95,1,0,6
95,1,0,6
95,1,0,6
95,1,0,6
96,1,0,6
96,0,0,6
96,0,0,6
96,1,0,6
96,1,0,6
97,1,0,6
97,0,0,6
97,1,0,6
97,1,0,6
97,0,0,6
98,1,0,6
98,1,1,6
98,1,1,6
98,1,1,6
98,1,1,6
99,1,1,6
99,1,1,6
99,1,1,6
99,1,1,6
99,1,1,6
100,1,1,6
100,1,1,6
100,1,1,6
100,1,1,6
100,1,1,6
101,1,1,6
101,1,1,6
101,1,1,6
101,1,1,6
101,1,1,6
102,1,1,6
102,1,1,6
102,1,1,6
102,1,1,6
102,1,1,6
103,1,1,6
103,1,1,6
103,1,1,6
103,1,1,6
103,1,1,6
104,1,1,6
104,1,1,6
104,1,1,6
104,1,1,6
104,1,1,6
105,1,1,6
105,1,1,6
105,1,1,6
105,1,1,6
105,1,1,6
106,1,1,6
106,1,1,6
106,1,1,6
106,1,1,6
106,1,1,6
107,1,1,6
107,1,1,6
107,1,1,6
107,1,1,6
107,1,1,6
108,1,1,6
108,1,1,6
108,1,1,6
108,1,1,6
108,1,1,6
109,1,1,6
109,1,1,6
109,1,1,6
109,1,1,6
109,1,1,6
110,1,1,6
110,1,1,6
110,1,1,6
110,1,1,6
110,1,1,6
111,1,1,6
111,1,1,6
111,1,1,6
111,1,1,6
111,1,1,6
112,1,1,6
112,1,1,6
112,1,1,6
112,0,0,6
112,0,0,6
113,0,0,6
113,0,0,6
113,0,0,6
113,0,0,6
113,0,0,6
114,0,0,6
114,0,0,6
114,0,0,6
114,0,0,6
114,0,0,6
115,0,0,6
115,0,0,6
115,1,0,6
115,0,0,6
115,0,0,6
116,0,0,6
116,0,0,6
116,0,0,6
116,0,0,6
116,0,0,6
117,1,0,6
117,0,0,6
117,0,0,6
117,0,0,6
117,0,0,6
118,0,0,6
118,0,0,6
118,0,0,6
118,0,0,6
118,0,0,6
119,0,0,6
119,0,0,6
119,0,0,6
119,0,0,6
119,0,0,6
120,0,0,6
120,0,0,6
120,0,0,6
120,0,1,6
120,1,1,6
121,1,1,6
121,1,1,6
121,1,1,6
121,1,1,6
121,1,1,6
122,1,1,6
122,1,1,6
122,1,1,6
122,1,1,6
122,1,1,6
123,1,1,6
123,1,1,6
123,0,1,6
123,1,1,6
123,1,1,6
124,0,0,6
124,0,0,6
124,0,0,6
124,0,0,6
124,0,0,6
125,0,0,6
125,0,0,6
125,0,0,6
125,0,0,6
125,0,0,6
126,0,0,6
126,0,0,6
126,0,0,6
126,0,0,6
126,0,0,6
127,0,0,6
127,0,0,6
127,0,0,6
127,0,0,6
127,0,0,6
128,0,0,6
128,0,0,6
128,0,0,6
128,0,0,6
128,0,0,6
129,0,0,6
129,0,0,6
129,0,0,6
129,0,0,6
129,0,0,6
130,0,0,6
130,0,0,6
130,0,0,6
130,0,0,6
130,0,0,6
131,0,0,6
131,0,0,6
131,0,0,6
131,0,0,6
131,0,0,6
132,0,0,6
132,0,0,6
132,0,0,6
132,0,0,6
132,0,0,6
133,0,0,6
133,1,1,6
133,0,1,6
133,1,1,6
133,1,1,6
134,0,1,6
134,1,1,6
134,1,1,6
134,1,1,6
134,1,1,6
135,0,1,6
135,1,1,6
135,1,1,6
135,1,1,6
135,0,1,6
136,1,1,6
136,1,1,6
136,1,1,6
136,1,1,6
136,1,1,6
137,1,1,6
137,0,1,6
137,1,1,6
137,1,1,6
137,1,1,6
138,0,0,6
138,0,0,6
138,0,0,6
138,0,0,6
138,0,0,6
139,1,0,6
139,0,0,6
139,1,0,6
139,0,0,6
139,1,0,6
140,1,0,6
140,0,0,6
140,0,0,6
140,0,0,6
140,0,0,6
141,0,0,6
141,0,0,6
141,0,0,6
141,0,0,6
141,0,0,6
142,0,0,6
142,0,0,6
142,0,0,6
142,0,0,6
142,0,0,6
143,0,0,6
143,0,0,6
143,0,0,6
143,0,0,6
143,0,0,6
144,0,0,6
144,0,0,6
144,0,0,6
144,0,0,6
144,0,0,6
145,0,0,6
145,0,0,6
145,0,1,6
145,0,1,6
145,1,1,6
146,0,1,6
146,0,1,6
146,1,1,6
146,0,0,6
146,0,0,6
147,0,0,6
147,0,0,6
147,0,0,6
147,0,0,6
147,0,0,6
148,0,0,6
148,0,0,6
148,0,0,6
148,0,0,6
148,0,0,6
149,0,0,6
149,0,0,6
149,0,0,6
149,0,0,6
149,0,0,6
150,0,0,6
150,0,0,6
150,0,0,6
150,0,0,6
150,0,0,6
151,1,1,6
151,1,1,6
151,1,1,6
151,1,1,6
151,1,1,6
152,1,1,6
152,1,1,6
152,1,1,6
152,0,1,6
152,1,1,6
153,1,1,6
0,0,1,7
0,0,1,7
0,0,0,7
0,0,0,7
0,1,1,7
1,1,1,7
1,0,1,7
1,1,1,7
1,0,1,7
1,1,1,7
2,0,1,7
2,0,1,7
2,1,1,7
2,0,1,7
2,1,1,7
3,0,0,7
3,0,0,7
3,1,1,7
3,1,1,7
3,0,0,7
4,0,0,7
4,0,0,7
4,0,0,7
4,0,0,7
4,0,0,7
5,0,0,7
5,0,0,7
5,0,0,7
5,0,0,7
5,0,0,7
6,0,0,7
6,0,0,7
6,0,0,7
6,0,0,7
6,0,0,7
7,0,0,7
7,0,0,7
7,0,0,7
7,0,0,7
7,0,0,7
8,0,0,7
8,0,0,7
8,0,0,7
8,0,0,7
8,0,0,7
9,0,0,7
9,0,0,7
9,0,0,7
9,0,0,7
9,0,0,7
10,0,0,7
10,0,0,7
10,1,0,7
10,0,0,7
10,0,0,7
11,0,0,7
11,0,0,7
11,0,0,7
11,0,0,7
11,0,0,7
12,0,0,7
12,0,0,7
12,0,0,7
12,0,0,7
12,1,0,7
13,0,0,7
13,0,0,7
13,0,0,7
13,0,0,7
13,0,0,7
14,0,0,7
14,0,0,7
14,0,0,7
14,0,0,7
14,0,0,7
15,0,0,7
15,0,0,7
15,0,0,7
15,0,0,7
15,0,0,7
16,0,0,7
16,0,0,7
16,0,0,7
16,0,0,7
16,0,0,7
17,0,0,7
17,0,0,7
17,0,0,7
17,0,0,7
17,0,0,7
18,0,0,7
18,0,0,7
18,0,0,7
18,0,0,7
18,0,0,7
19,0,0,7
19,0,0,7
19,0,0,7
19,1,0,7
19,0,0,7
20,0,0,7
20,0,0,7
20,0,0,7
20,0,0,7
20,0,0,7
21,0,0,7
21,0,0,7
21,0,0,7
21,0,0,7
21,1,1,7
22,1,1,7
22,1,1,7
22,1,1,7
22,0,0,7
22,0,0,7
23,0,0,7
23,0,0,7
23,0,0,7
23,0,0,7
23,0,0,7
24,0,0,7
24,0,0,7
24,0,0,7
24,1,1,7
24,0,1,7
25,0,1,7
25,0,1,7
25,1,1,7
25,0,0,7
25,0,0,7
26,0,0,7
26,0,0,7
26,0,0,7
26,0,0,7
26,0,0,7
27,0,0,7
27,0,0,7
27,0,0,7
27,0,0,7
27,0,0,7
28,1,1,7
28,1,1,7
28,1,1,7
28,0,0,7
28,0,0,7
29,0,0,7
29,0,0,7
29,0,0,7
29,0,0,7
29,0,0,7
30,0,0,7
30,0,0,7
30,1,1,7
30,1,1,7
30,1,1,7
31,1,1,7
31,1,1,7
31,1,1,7
31,1,1,7
31,1,1,7
32,0,1,7
32,1,1,7
32,1,1,7
32,1,1,7
32,1,1,7
33,0,1,7
33,1,1,7
33,1,1,7
33,1,1,7
33,0,1,7
34,0,1,7
34,1,1,7
34,1,1,7
34,1,1,7
34,1,1,7
35,1,1,7
35,0,0,7
35,0,0,7
35,0,0,7
35,0,0,7
36,0,0,7
36,0,0,7
36,0,1,7
36,0,1,7
36,1,1,7
37,1,1,7
37,0,1,7
37,1,1,7
37,0,1,7
37,0,1,7
38,1,1,7
38,0,0,7
38,0,0,7
38,0,0,7
38,0,0,7
39,0,0,7
39,0,0,7
39,0,0,7
39,0,0,7
39,0,0,7
40,0,0,7
40,0,1,7
40,0,1,7
40,1,1,7
40,1,1,7
41,1,1,7
41,1,1,7
41,1,1,7
41,0,1,7
41,1,1,7
42,1,1,7
42,1,1,7
42,1,1,7
42,1,1,7
42,1,1,7
43,1,1,7
43,0,1,7
43,1,1,7
43,1,1,7
43,1,1,7
44,0,1,7
44,1,1,7
44,1,1,7
44,1,1,7
44,1,1,7
45,1,1,7
45,1,1,7
45,1,1,7
45,1,1,7
45,1,1,7
46,0,1,7
46,1,1,7
46,1,1,7
46,1,1,7
46,1,1,7
47,1,1,7
47,1,1,7
47,1,1,7
47,0,1,7
47,1,1,7
48,0,1,7
48,1,1,7
48,1,1,7
48,0,1,7
48,1,1,7
49,0,1,7
49,1,1,7
49,1,1,7
49,1,1,7
49,1,1,7
50,1,1,7
50,1,1,7
50,0,1,7
50,0,1,7
50,1,1,7
51,1,1,7
51,1,1,7
51,1,1,7
51,1,1,7
51,1,1,7
52,1,1,7
52,1,1,7
52,1,1,7
52,1,1,7
52,1,1,7
53,1,1,7
53,1,1,7
53,1,1,7
53,1,1,7
53,1,1,7
54,1,1,7
54,1,1,7
54,1,1,7
54,0,1,7
54,1,1,7
55,0,1,7
55,1,1,7
55,1,1,7
55,1,1,7
55,1,1,7
56,1,1,7
56,0,1,7
56,0,1,7
56,0,1,7
56,1,1,7
57,1,1,7
57,1,1,7
57,1,1,7
57,0,1,7
57,0,1,7
58,1,1,7
58,1,1,7
58,1,1,7
58,0,1,7
58,1,1,7
59,1,1,7
59,0,1,7
59,0,1,7
59,1,1,7
59,0,0,7
60,1,1,7
60,1,1,7
60,1,1,7
60,0,1,7
60,1,1,7
61,1,1,7
61,1,1,7
61,1,1,7
61,1,1,7
61,1,1,7
62,1,1,7
62,1,1,7
62,1,1,7
62,1,1,7
62,1,1,7
63,1,1,7
63,1,1,7
63,1,1,7
63,1,1,7
63,1,1,7
64,1,1,7
64,1,1,7
64,1,1,7
64,1,1,7
64,0,1,7
65,1,1,7
65,1,1,7
65,1,1,7
65,1,1,7
65,1,1,7
66,1,1,7
66,0,1,7
66,1,1,7
66,1,1,7
66,1,1,7
67,1,1,7
67,1,1,7
67,1,1,7
67,1,1,7
67,1,1,7
68,1,1,7
68,1,1,7
68,1,1,7
68,0,1,7
68,1,1,7
69,1,1,7
69,1,1,7
69,1,1,7
69,1,1,7
69,1,1,7
70,1,1,7
70,1,1,7
70,1,1,7
70,1,1,7
70,1,1,7
71,1,1,7
71,1,1,7
71,1,1,7
71,1,1,7
71,1,1,7
72,1,1,7
72,1,1,7
72,1,1,7
72,1,1,7
72,1,1,7
73,1,1,7
73,1,1,7
73,1,1,7
73,1,1,7
73,1,1,7
74,1,1,7
74,1,1,7
74,1,1,7
74,1,1,7
74,1,1,7
75,1,1,7
75,1,1,7
75,1,1,7
75,1,1,7
75,1,1,7
76,1,1,7
76,1,1,7
76,1,1,7
76,1,1,7
76,1,1,7
77,1,1,7
77,1,1,7
77,1,1,7
77,1,1,7
77,1,1,7
78,1,1,7
78,1,1,7
78,1,1,7
78,1,1,7
78,1,1,7
79,1,1,7
79,1,1,7
79,1,1,7
79,1,1,7
79,1,1,7
80,1,1,7
80,1,1,7
80,0,1,7
80,1,1,7
80,1,1,7
81,1,1,7
81,1,1,7
81,1,1,7
81,1,1,7
81,1,1,7
82,1,1,7
82,1,1,7
82,1,1,7
82,1,1,7
82,1,1,7
83,1,1,7
83,1,1,7
83,1,1,7
83,1,1,7
83,1,1,7
84,1,1,7
84,1,1,7
84,1,0,7
84,0,0,7
84,0,0,7
85,0,0,7
85,1,0,7
85,0,0,7
85,0,0,7
85,0,0,7
86,1,0,7
86,1,0,7
86,1,0,7
86,0,0,7
86,0,0,7
87,1,0,7
87,1,0,7
87,1,0,7
87,0,0,7
87,1,0,7
88,0,0,7
88,0,0,7
88,1,0,7
88,1,0,7
88,0,0,7
89,0,0,7
89,0,0,7
89,0,0,7
89,0,0,7
89,1,0,7
90,0,0,7
90,1,1,7
90,1,1,7
90,1,1,7
90,1,1,7
91,1,1,7
91,1,1,7
91,1,1,7
91,1,1,7
91,1,1,7
92,1,1,7
92,1,1,7
92,1,1,7
92,1,1,7
92,1,1,7
93,1,1,7
93,1,1,7
93,1,1,7
93,1,1,7
93,1,1,7
94,0,0,7
94,0,0,7
94,0,0,7
94,0,0,7
94,0,0,7
95,0,0,7
95,1,0,7
95,0,0,7
95,0,0,7
95,0,0,7
96,1,0,7
96,0,0,7
96,0,0,7
96,1,0,7
96,0,0,7
97,1,0,7
97,0,0,7
97,1,0,7
97,0,0,7
97,0,0,7
98,1,0,7
98,1,1,7
98,1,1,7
98,1,1,7
98,1,1,7
99,1,1,7
99,1,1,7
99,1,1,7
99,1,1,7
99,1,1,7
100,1,1,7
100,1,1,7
100,1,1,7
100,1,1,7
100,1,1,7
101,1,1,7
101,1,1,7
101,1,1,7
101,1,1,7
101,1,1,7
102,1,1,7
102,1,1,7
102,1,1,7
102,1,1,7
102,1,1,7
103,1,1,7
103,1,1,7
103,1,1,7
103,1,1,7
103,1,1,7
104,1,1,7
104,1,1,7
104,1,1,7
104,1,1,7
104,1,1,7
105,1,1,7
105,1,1,7
105,1,1,7
105,1,1,7
105,1,1,7
106,1,1,7
106,1,1,7
106,1,1,7
106,1,1,7
106,1,1,7
107,1,1,7
107,1,1,7
107,1,1,7
107,1,1,7
107,1,1,7
108,1,1,7
108,1,1,7
108,1,1,7
108,1,1,7
108,1,1,7
109,1,1,7
109,1,1,7
109,1,1,7
109,1,1,7
109,1,1,7
110,1,1,7
110,1,1,7
110,1,1,7
110,1,1,7
110,1,1,7
111,1,1,7
111,1,1,7
111,1,1,7
111,1,1,7
111,1,1,7
112,1,1,7
112,1,1,7
112,1,1,7
112,1,0,7
112,1,0,7
113,1,0,7
113,1,0,7
113,0,0,7
113,1,0,7
113,0,0,7
114,0,0,7
114,0,0,7
114,0,0,7
114,1,0,7
114,1,0,7
115,0,0,7
115,1,0,7
115,1,0,7
115,0,0,7
115,0,0,7
116,0,0,7
116,1,0,7
116,0,0,7
116,0,0,7
116,0,0,7
117,0,0,7
117,0,0,7
117,0,0,7
117,0,0,7
117,0,0,7
118,0,0,7
118,1,0,7
118,0,0,7
118,1,0,7
118,0,0,7
119,0,0,7
119,0,0,7
119,1,0,7
119,0,0,7
119,1,0,7
120,0,0,7
120,0,0,7
120,1,0,7
120,1,1,7
120,1,1,7
121,1,1,7
121,1,1,7
121,1,1,7
121,1,1,7
121,1,1,7
122,1,1,7
122,1,1,7
122,1,1,7
122,1,1,7
122,1,1,7
123,1,1,7
123,1,1,7
123,1,1,7
123,1,1,7
123,1,1,7
124,0,0,7
124,0,0,7
124,0,0,7
124,1,0,7
124,0,0,7
125,0,0,7
125,0,0,7
125,1,0,7
125,0,0,7
125,1,0,7
126,0,0,7
126,1,0,7
126,0,0,7
126,0,0,7
126,0,0,7
127,1,0,7
127,0,0,7
127,0,0,7
127,0,0,7
127,0,0,7
128,0,0,7
128,0,0,7
128,1,0,7
128,0,0,7
128,0,0,7
129,1,0,7
129,1,0,7
129,0,0,7
129,1,0,7
129,0,0,7
130,1,0,7
130,0,0,7
130,0,0,7
130,0,0,7
130,0,0,7
131,0,0,7
131,0,0,7
131,0,0,7
131,1,0,7
131,0,0,7
132,1,0,7
132,0,0,7
132,0,0,7
132,0,0,7
132,0,0,7
133,0,0,7
133,1,1,7
133,1,1,7
133,1,1,7
133,1,1,7
134,1,1,7
134,1,1,7
134,1,1,7
134,1,1,7
134,0,1,7
135,1,1,7
135,1,1,7
135,1,1,7
135,1,1,7
135,0,1,7
136,1,1,7
136,1,1,7
136,1,1,7
136,1,1,7
136,1,1,7
137,1,1,7
137,1,1,7
137,1,1,7
137,1,1,7
137,1,1,7
138,0,0,7
138,0,0,7
138,0,0,7
138,0,0,7
138,0,0,7
139,1,0,7
139,0,0,7
139,0,0,7
139,0,0,7
139,0,0,7
140,0,0,7
140,0,0,7
140,0,0,7
140,0,0,7
140,0,0,7
141,0,0,7
141,0,0,7
141,0,0,7
141,0,0,7
141,0,0,7
142,0,0,7
142,0,0,7
142,0,0,7
142,0,0,7
142,0,0,7
143,0,0,7
143,0,0,7
143,0,0,7
143,0,0,7
143,0,0,7
144,0,0,7
144,0,0,7
144,0,0,7
144,0,0,7
144,0,0,7
145,0,0,7
145,0,0,7
145,0,1,7
145,1,1,7
145,1,1,7
146,1,1,7
146,1,1,7
146,1,1,7
146,0,0,7
146,0,0,7
147,0,0,7
147,0,0,7
147,0,0,7
147,0,0,7
147,0,0,7
148,0,0,7
148,0,0,7
148,0,0,7
148,0,0,7
148,0,0,7
149,0,0,7
149,0,0,7
149,0,0,7
149,0,0,7
149,0,0,7
150,0,0,7
150,0,0,7
150,0,0,7
150,1,0,7
150,0,0,7
151,1,1,7
151,1,1,7
151,1,1,7
151,1,1,7
151,1,1,7
152,1,1,7
152,1,1,7
152,1,1,7
152,0,1,7
152,0,1,7
153,1,1,7
0,1,1,8
0,1,1,8
0,0,0,8
0,0,0,8
0,1,1,8
1,1,1,8
1,0,1,8
1,1,1,8
1,1,1,8
1,1,1,8
2,0,1,8
2,1,1,8
2,1,1,8
2,0,1,8
2,1,1,8
3,0,0,8
3,0,0,8
3,1,1,8
3,1,1,8
3,0,0,8
4,0,0,8
4,0,0,8
4,0,0,8
4,0,0,8
4,0,0,8
5,0,0,8
5,0,0,8
5,0,0,8
5,0,0,8
5,0,0,8
6,0,0,8
6,0,0,8
6,0,0,8
6,0,0,8
6,0,0,8
7,0,0,8
7,0,0,8
7,0,0,8
7,0,0,8
7,0,0,8
8,0,0,8
8,0,0,8
8,0,0,8
8,0,0,8
8,0,0,8
9,0,0,8
9,0,0,8
9,0,0,8
9,0,0,8
9,0,0,8
10,0,0,8
10,0,0,8
10,0,0,8
10,0,0,8
10,0,0,8
11,0,0,8
11,0,0,8
11,0,0,8
11,0,0,8
11,0,0,8
12,0,0,8
12,0,0,8
12,0,0,8
12,0,0,8
12,0,0,8
13,0,0,8
13,0,0,8
13,0,0,8
13,0,0,8
13,0,0,8
14,0,0,8
14,0,0,8
14,0,0,8
14,0,0,8
14,0,0,8
15,0,0,8
15,0,0,8
15,0,0,8
15,0,0,8
15,0,0,8
16,0,0,8
16,0,0,8
16,0,0,8
16,0,0,8
16,0,0,8
17,0,0,8
17,0,0,8
17,0,0,8
17,0,0,8
17,0,0,8
18,0,0,8
18,0,0,8
18,0,0,8
18,0,0,8
18,0,0,8
19,0,0,8
19,0,0,8
19,0,0,8
19,0,0,8
19,0,0,8
20,0,0,8
20,0,0,8
20,0,0,8
20,1,0,8
20,0,0,8
21,0,0,8
21,0,0,8
21,0,0,8
21,0,0,8
21,1,1,8
22,1,1,8
22,1,1,8
22,1,1,8
22,0,0,8
22,0,0,8
23,0,0,8
23,0,0,8
23,0,0,8
23,0,0,8
23,0,0,8
24,0,0,8
24,0,0,8
24,0,0,8
24,1,1,8
24,1,1,8
25,1,1,8
25,1,1,8
25,1,1,8
25,0,0,8
25,0,0,8
26,0,0,8
26,0,0,8
26,0,0,8
26,0,0,8
26,0,0,8
27,0,0,8
27,0,0,8
27,0,0,8
27,0,0,8
27,0,0,8
28,1,1,8
28,1,1,8
28,1,1,8
28,0,0,8
28,0,0,8
29,0,0,8
29,0,0,8
29,0,0,8
29,0,0,8
29,0,0,8
30,0,0,8
30,0,0,8
30,1,1,8
30,1,1,8
30,1,1,8
31,1,1,8
31,1,1,8
31,1,1,8
31,1,1,8
31,1,1,8
32,1,1,8
32,1,1,8
32,1,1,8
32,1,1,8
32,1,1,8
33,1,1,8
33,1,1,8
33,1,1,8
33,1,1,8
33,1,1,8
34,1,1,8
34,1,1,8
34,1,1,8
34,1,1,8
34,1,1,8
35,1,1,8
35,1,0,8
35,0,0,8
35,0,0,8
35,0,0,8
36,0,0,8
36,0,0,8
36,0,1,8
36,1,1,8
36,1,1,8
37,1,1,8
37,1,1,8
37,1,1,8
37,1,1,8
37,1,1,8
38,1,1,8
38,0,0,8
38,0,0,8
38,0,0,8
38,0,0,8
39,0,0,8
39,0,0,8
39,0,0,8
39,0,0,8
39,0,0,8
40,0,0,8
40,1,1,8
40,0,1,8
40,1,1,8
40,1,1,8
41,1,1,8
41,1,1,8
41,1,1,8
41,1,1,8
41,1,1,8
42,1,1,8
42,1,1,8
42,1,1,8
42,1,1,8
42,1,1,8
43,1,1,8
43,1,1,8
43,1,1,8
43,1,1,8
43,1,1,8
44,1,1,8
44,1,1,8
44,1,1,8
44,1,1,8
44,1,1,8
45,1,1,8
45,1,1,8
45,1,1,8
45,1,1,8
45,1,1,8
46,0,1,8
46,0,1,8
46,1,1,8
46,1,1,8
46,1,1,8
47,1,1,8
47,1,1,8
47,0,1,8
47,0,1,8
47,1,1,8
48,0,1,8
48,0,1,8
48,1,1,8
48,0,1,8
48,1,1,8
49,1,1,8
49,0,1,8
49,1,1,8
49,1,1,8
49,1,1,8
50,1,1,8
50,1,1,8
50,1,1,8
50,0,1,8
50,1,1,8
51,1,1,8
51,1,1,8
51,1,1,8
51,1,1,8
51,1,1,8
52,1,1,8
52,1,1,8
52,1,1,8
52,1,1,8
52,1,1,8
53,1,1,8
53,1,1,8
53,1,1,8
53,1,1,8
53,1,1,8
54,1,1,8
54,1,1,8
54,1,1,8
54,1,1,8
54,0,1,8
55,1,1,8
55,1,1,8
55,1,1,8
55,1,1,8
55,0,1,8
56,1,1,8
56,1,1,8
56,0,1,8
56,1,1,8
56,1,1,8
57,1,1,8
57,1,1,8
57,1,1,8
57,1,1,8
57,1,1,8
58,1,1,8
58,1,1,8
58,1,1,8
58,1,1,8
58,1,1,8
59,1,1,8
59,1,1,8
59,0,1,8
59,1,1,8
59,0,0,8
60,1,1,8
60,1,1,8
60,1,1,8
60,0,1,8
60,0,1,8
61,1,1,8
61,1,1,8
61,1,1,8
61,1,1,8
61,1,1,8
62,1,1,8
62,1,1,8
62,1,1,8
62,1,1,8
62,1,1,8
63,0,1,8
63,1,1,8
63,1,1,8
63,1,1,8
63,1,1,8
64,1,1,8
64,1,1,8
64,1,1,8
64,1,1,8
64,0,1,8
65,1,1,8
65,0,1,8
65,1,1,8
65,0,1,8
65,1,1,8
66,1,1,8
66,0,1,8
66,1,1,8
66,1,1,8
66,1,1,8
67,1,1,8
67,1,1,8
67,1,1,8
67,1,1,8
67,1,1,8
68,1,1,8
68,1,1,8
68,0,1,8
68,1,1,8
68,1,1,8
69,0,1,8
69,1,1,8
69,1,1,8
69,1,1,8
69,1,1,8
70,1,1,8
70,0,1,8
70,1,1,8
70,1,1,8
70,1,1,8
71,1,1,8
71,0,1,8
71,1,1,8
71,1,1,8
71,1,1,8
72,1,1,8
72,1,1,8
72,0,1,8
72,0,1,8
72,1,1,8
73,1,1,8
73,1,1,8
73,0,1,8
73,0,1,8
73,1,1,8
74,1,1,8
74,1,1,8
74,1,1,8
74,1,1,8
74,1,1,8
75,1,1,8
75,1,1,8
75,1,1,8
75,1,1,8
75,1,1,8
76,1,1,8
76,1,1,8
76,1,1,8
76,1,1,8
76,1,1,8
77,1,1,8
77,1,1,8
77,1,1,8
77,1,1,8
77,1,1,8
78,1,1,8
78,1,1,8
78,1,1,8
78,1,1,8
78,1,1,8
79,1,1,8
79,1,1,8
79,1,1,8
79,1,1,8
79,1,1,8
80,1,1,8
80,1,1,8
80,1,1,8
80,1,1,8
80,1,1,8
81,1,1,8
81,1,1,8
81,1,1,8
81,1,1,8
81,1,1,8
82,1,1,8
82,0,1,8
82,1,1,8
82,1,1,8
82,1,1,8
83,1,1,8
83,1,1,8
83,1,1,8
83,1,1,8
83,1,1,8
84,1,1,8
84,1,1,8
84,0,0,8
84,0,0,8
84,0,0,8
85,0,0,8
85,0,0,8
85,0,0,8
85,0,0,8
85,0,0,8
86,0,0,8
86,1,0,8
86,0,0,8
86,0,0,8
86,0,0,8
87,0,0,8
87,0,0,8
87,0,0,8
87,0,0,8
87,0,0,8
88,0,0,8
88,0,0,8
88,0,0,8
88,0,0,8
88,0,0,8
89,0,0,8
89,0,0,8
89,0,0,8
89,0,0,8
89,0,0,8
90,0,0,8
90,1,1,8
90,1,1,8
90,1,1,8
90,1,1,8
91,1,1,8
91,1,1,8
91,1,1,8
91,1,1,8
91,1,1,8
92,1,1,8
92,1,1,8
92,1,1,8
92,1,1,8
92,1,1,8
93,1,1,8
93,1,1,8
93,1,1,8
93,1,1,8
93,1,1,8
94,1,0,8
94,0,0,8
94,0,0,8
94,0,0,8
94,0,0,8
95,0,0,8
95,1,0,8
95,0,0,8
95,0,0,8
95,0,0,8
96,1,0,8
96,1,0,8
96,1,0,8
96,1,0,8
96,1,0,8
97,0,0,8
97,1,0,8
97,1,0,8
97,0,0,8
97,0,0,8
98,1,0,8
98,1,1,8
98,1,1,8
98,1,1,8
98,1,1,8
99,1,1,8
99,1,1,8
99,1,1,8
99,1,1,8
99,1,1,8
100,1,1,8
100,1,1,8
100,1,1,8
100,1,1,8
100,1,1,8
101,1,1,8
101,1,1,8
101,1,1,8
101,1,1,8
101,1,1,8
102,1,1,8
102,1,1,8
102,1,1,8
102,1,1,8
102,1,1,8
103,1,1,8
103,1,1,8
103,1,1,8
103,1,1,8
103,1,1,8
104,1,1,8
104,1,1,8
104,1,1,8
104,1,1,8
104,1,1,8
105,1,1,8
105,1,1,8
105,1,1,8
105,1,1,8
105,1,1,8
106,1,1,8
106,1,1,8
106,1,1,8
106,1,1,8
106,1,1,8
107,1,1,8
107,1,1,8
107,1,1,8
107,1,1,8
107,1,1,8
108,1,1,8
108,1,1,8
108,1,1,8
108,1,1,8
108,1,1,8
109,1,1,8
109,1,1,8
109,1,1,8
109,1,1,8
109,1,1,8
110,1,1,8
110,1,1,8
110,1,1,8
110,1,1,8
110,1,1,8
111,1,1,8
111,1,1,8
111,1,1,8
111,1,1,8
111,1,1,8
112,1,1,8
112,1,1,8
112,1,1,8
112,0,0,8
112,1,0,8
113,0,0,8
113,1,0,8
113,0,0,8
113,1,0,8
113,0,0,8
114,0,0,8
114,0,0,8
114,0,0,8
114,0,0,8
114,0,0,8
115,0,0,8
115,1,0,8
115,0,0,8
115,0,0,8
115,0,0,8
116,0,0,8
116,0,0,8
116,0,0,8
116,0,0,8
116,1,0,8
117,1,0,8
117,0,0,8
117,0,0,8
117,0,0,8
117,0,0,8
118,0,0,8
118,0,0,8
118,0,0,8
118,0,0,8
118,0,0,8
119,0,0,8
119,0,0,8
119,0,0,8
119,0,0,8
119,0,0,8
120,0,0,8
120,1,0,8
120,1,0,8
120,1,1,8
120,1,1,8
121,1,1,8
121,1,1,8
121,1,1,8
121,1,1,8
121,1,1,8
122,1,1,8
122,1,1,8
122,1,1,8
122,1,1,8
122,1,1,8
123,1,1,8
123,1,1,8
123,1,1,8
123,1,1,8
123,1,1,8
124,0,0,8
124,0,0,8
124,0,0,8
124,0,0,8
124,0,0,8
125,1,0,8
125,0,0,8
125,1,0,8
125,0,0,8
125,0,0,8
126,0,0,8
126,1,0,8
126,0,0,8
126,0,0,8
126,0,0,8
127,0,0,8
127,1,0,8
127,1,0,8
127,0,0,8
127,0,0,8
128,0,0,8
128,0,0,8
128,0,0,8
128,0,0,8
128,1,0,8
129,1,0,8
129,1,0,8
129,0,0,8
129,1,0,8
129,0,0,8
130,1,0,8
130,0,0,8
130,0,0,8
130,0,0,8
130,0,0,8
131,0,0,8
131,1,0,8
131,0,0,8
131,0,0,8
131,0,0,8
132,0,0,8
132,0,0,8
132,0,0,8
132,0,0,8
132,0,0,8
133,0,0,8
133,1,1,8
133,1,1,8
133,1,1,8
133,1,1,8
134,1,1,8
134,1,1,8
134,1,1,8
134,1,1,8
134,1,1,8
135,1,1,8
135,1,1,8
135,1,1,8
135,1,1,8
135,1,1,8
136,1,1,8
136,1,1,8
136,1,1,8
136,1,1,8
136,1,1,8
137,1,1,8
137,1,1,8
137,1,1,8
137,1,1,8
137,1,1,8
138,0,0,8
138,0,0,8
138,0,0,8
138,0,0,8
138,0,0,8
139,1,0,8
139,0,0,8
139,0,0,8
139,0,0,8
139,1,0,8
140,0,0,8
140,0,0,8
140,0,0,8
140,0,0,8
140,0,0,8
141,0,0,8
141,0,0,8
141,0,0,8
141,1,0,8
141,0,0,8
142,0,0,8
142,0,0,8
142,0,0,8
142,0,0,8
142,0,0,8
143,0,0,8
143,0,0,8
143,0,0,8
143,1,0,8
143,0,0,8
144,0,0,8
144,0,0,8
144,1,0,8
144,1,0,8
144,0,0,8
145,0,0,8
145,0,0,8
145,1,1,8
145,1,1,8
145,1,1,8
146,1,1,8
146,1,1,8
146,1,1,8
146,0,0,8
146,0,0,8
147,1,0,8
147,0,0,8
147,0,0,8
147,0,0,8
147,0,0,8
148,0,0,8
148,0,0,8
148,0,0,8
148,0,0,8
148,0,0,8
149,0,0,8
149,0,0,8
149,0,0,8
149,0,0,8
149,0,0,8
150,0,0,8
150,0,0,8
150,0,0,8
150,0,0,8
150,0,0,8
151,1,1,8
151,1,1,8
151,1,1,8
151,1,1,8
151,1,1,8
152,1,1,8
152,1,1,8
152,1,1,8
152,1,1,8
152,1,1,8
153,1,1,8
0,0,1,9
0,1,1,9
0,0,0,9
0,0,0,9
0,1,1,9
1,1,1,9
1,1,1,9
1,1,1,9
1,1,1,9
1,1,1,9
2,0,1,9
2,1,1,9
2,0,1,9
2,1,1,9
2,1,1,9
3,0,0,9
3,0,0,9
3,1,1,9
3,1,1,9
3,0,0,9
4,0,0,9
4,0,0,9
4,0,0,9
4,0,0,9
4,0,0,9
5,0,0,9
5,0,0,9
5,0,0,9
5,0,0,9
5,0,0,9
6,0,0,9
6,0,0,9
6,0,0,9
6,0,0,9
6,0,0,9
7,0,0,9
7,0,0,9
7,0,0,9
7,0,0,9
7,0,0,9
8,0,0,9
8,0,0,9
8,0,0,9
8,0,0,9
8,0,0,9
9,0,0,9
9,0,0,9
9,0,0,9
9,0,0,9
9,0,0,9
10,0,0,9
10,0,0,9
10,0,0,9
10,0,0,9
10,0,0,9
11,0,0,9
11,0,0,9
11,0,0,9
11,0,0,9
11,0,0,9
12,0,0,9
12,0,0,9
12,0,0,9
12,0,0,9
12,0,0,9
13,0,0,9
13,0,0,9
13,0,0,9
13,0,0,9
13,0,0,9
14,0,0,9
14,0,0,9
14,0,0,9
14,0,0,9
14,0,0,9
15,0,0,9
15,0,0,9
15,0,0,9
15,0,0,9
15,0,0,9
16,0,0,9
16,0,0,9
16,0,0,9
16,0,0,9
16,0,0,9
17,0,0,9
17,0,0,9
17,0,0,9
17,0,0,9
17,0,0,9
18,0,0,9
18,0,0,9
18,0,0,9
18,0,0,9
18,0,0,9
19,0,0,9
19,0,0,9
19,0,0,9
19,0,0,9
19,0,0,9
20,0,0,9
20,0,0,9
20,0,0,9
20,0,0,9
20,0,0,9
21,0,0,9
21,0,0,9
21,0,0,9
21,0,0,9
21,1,1,9
22,1,1,9
22,1,1,9
22,1,1,9
22,0,0,9
22,0,0,9
23,0,0,9
23,0,0,9
23,0,0,9
23,0,0,9
23,0,0,9
24,0,0,9
24,0,0,9
24,0,0,9
24,1,1,9
24,1,1,9
25,1,1,9
25,1,1,9
25,1,1,9
25,0,0,9
25,0,0,9
26,0,0,9
26,0,0,9
26,0,0,9
26,0,0,9
26,0,0,9
27,0,0,9
27,0,0,9
27,0,0,9
27,0,0,9
27,0,0,9
28,1,1,9
28,1,1,9
28,1,1,9
28,0,0,9
28,0,0,9
29,0,0,9
29,0,0,9
29,0,0,9
29,0,0,9
29,0,0,9
30,0,0,9
30,1,0,9
30,1,1,9
30,1,1,9
30,1,1,9
31,1,1,9
31,1,1,9
31,1,1,9
31,1,1,9
31,1,1,9
32,1,1,9
32,1,1,9
32,1,1,9
32,1,1,9
32,1,1,9
33,1,1,9
33,1,1,9
33,1,1,9
33,1,1,9
33,1,1,9
34,1,1,9
34,1,1,9
34,1,1,9
34,1,1,9
34,1,1,9
35,1,1,9
35,0,0,9
35,0,0,9
35,0,0,9
35,0,0,9
36,0,0,9
36,0,0,9
36,0,1,9
36,1,1,9
36,1,1,9
37,1,1,9
37,1,1,9
37,1,1,9
37,1,1,9
37,1,1,9
38,1,1,9
38,0,0,9
38,0,0,9
38,0,0,9
38,0,0,9
39,0,0,9
39,0,0,9
39,0,0,9
39,0,0,9
39,0,0,9
40,0,0,9
40,1,1,9
40,0,1,9
40,1,1,9
40,1,1,9
41,1,1,9
41,1,1,9
41,1,1,9
41,1,1,9
41,1,1,9
42,1,1,9
42,1,1,9
42,1,1,9
42,1,1,9
42,1,1,9
43,1,1,9
43,1,1,9
43,1,1,9
43,1,1,9
43,1,1,9
44,1,1,9
44,1,1,9
44,1,1,9
44,1,1,9
44,1,1,9
45,1,1,9
45,0,1,9
45,1,1,9
45,1,1,9
45,1,1,9
46,0,1,9
46,1,1,9
46,0,1,9
46,0,1,9
46,0,1,9
47,1,1,9
47,1,1,9
47,1,1,9
47,1,1,9
47,1,1,9
48,0,1,9
48,1,1,9
48,1,1,9
48,1,1,9
48,1,1,9
49,1,1,9
49,1,1,9
49,1,1,9
49,1,1,9
49,1,1,9
50,1,1,9
50,1,1,9
50,1,1,9
50,1,1,9
50,1,1,9
51,1,1,9
51,1,1,9
51,1,1,9
51,0,1,9
51,1,1,9
52,1,1,9
52,1,1,9
52,1,1,9
52,1,1,9
52,1,1,9
53,1,1,9
53,1,1,9
53,1,1,9
53,1,1,9
53,1,1,9
54,1,1,9
54,0,1,9
54,1,1,9
54,1,1,9
54,1,1,9
55,1,1,9
55,1,1,9
55,1,1,9
55,1,1,9
55,0,1,9
56,1,1,9
56,1,1,9
56,1,1,9
56,1,1,9
56,1,1,9
57,1,1,9
57,1,1,9
57,1,1,9
57,1,1,9
57,1,1,9
58,1,1,9
58,1,1,9
58,1,1,9
58,1,1,9
58,1,1,9
59,1,1,9
59,1,1,9
59,0,1,9
59,1,1,9
59,0,0,9
60,1,1,9
60,1,1,9
60,1,1,9
60,1,1,9
60,1,1,9
61,1,1,9
61,0,1,9
61,1,1,9
61,1,1,9
61,1,1,9
62,1,1,9
62,1,1,9
62,1,1,9
62,1,1,9
62,1,1,9
63,1,1,9
63,0,1,9
63,0,1,9
63,0,1,9
63,1,1,9
64,1,1,9
64,1,1,9
64,1,1,9
64,1,1,9
64,0,1,9
65,0,1,9
65,0,1,9
65,1,1,9
65,0,1,9
65,0,1,9
66,1,1,9
66,0,1,9
66,1,1,9
66,1,1,9
66,1,1,9
67,1,1,9
67,1,1,9
67,1,1,9
67,1,1,9
67,1,1,9
68,1,1,9
68,1,1,9
68,0,1,9
68,1,1,9
68,1,1,9
69,0,1,9
69,1,1,9
69,1,1,9
69,0,1,9
69,0,1,9
70,0,1,9
70,0,1,9
70,0,1,9
70,1,1,9
70,1,1,9
71,0,1,9
71,1,1,9
71,1,1,9
71,1,1,9
71,1,1,9
72,0,1,9
72,1,1,9
72,0,1,9
72,1,1,9
72,0,1,9
73,1,1,9
73,1,1,9
73,1,1,9
73,1,1,9
73,1,1,9
74,0,1,9
74,1,1,9
74,0,1,9
74,1,1,9
74,0,1,9
75,1,1,9
75,1,1,9
75,1,1,9
75,0,1,9
75,1,1,9
76,0,1,9
76,1,1,9
76,1,1,9
76,0,1,9
76,1,1,9
77,1,1,9
77,1,1,9
77,1,1,9
77,1,1,9
77,1,1,9
78,1,1,9
78,0,1,9
78,1,1,9
78,0,1,9
78,1,1,9
79,1,1,9
79,0,1,9
79,1,1,9
79,1,1,9
79,1,1,9
80,1,1,9
80,0,1,9
80,1,1,9
80,1,1,9
80,0,1,9
81,1,1,9
81,0,1,9
81,1,1,9
81,1,1,9
81,1,1,9
82,1,1,9
82,0,1,9
82,1,1,9
82,1,1,9
82,1,1,9
83,0,1,9
83,1,1,9
83,1,1,9
83,1,1,9
83,0,1,9
84,1,1,9
84,1,1,9
84,0,0,9
84,0,0,9
84,0,0,9
85,0,0,9
85,0,0,9
85,0,0,9
85,0,0,9
85,0,0,9
86,0,0,9
86,0,0,9
86,0,0,9
86,0,0,9
86,0,0,9
87,0,0,9
87,0,0,9
87,0,0,9
87,0,0,9
87,0,0,9
88,0,0,9
88,0,0,9
88,0,0,9
88,0,0,9
88,0,0,9
89,0,0,9
89,0,0,9
89,0,0,9
89,0,0,9
89,0,0,9
90,0,0,9
90,0,1,9
90,1,1,9
90,1,1,9
90,1,1,9
91,1,1,9
91,1,1,9
91,0,1,9
91,1,1,9
91,1,1,9
92,1,1,9
92,1,1,9
92,0,1,9
92,1,1,9
92,1,1,9
93,1,1,9
93,1,1,9
93,0,1,9
93,1,1,9
93,1,1,9
94,0,0,9
94,0,0,9
94,0,0,9
94,0,0,9
94,0,0,9
95,0,0,9
95,0,0,9
95,0,0,9
95,0,0,9
95,0,0,9
96,0,0,9
96,0,0,9
96,0,0,9
96,0,0,9
96,0,0,9
97,0,0,9
97,0,0,9
97,0,0,9
97,0,0,9
97,0,0,9
98,0,0,9
98,1,1,9
98,1,1,9
98,1,1,9
98,1,1,9
99,1,1,9
99,1,1,9
99,1,1,9
99,1,1,9
99,1,1,9
100,1,1,9
100,1,1,9
100,1,1,9
100,1,1,9
100,1,1,9
101,1,1,9
101,1,1,9
101,1,1,9
101,1,1,9
101,1,1,9
102,1,1,9
102,1,1,9
102,1,1,9
102,1,1,9
102,1,1,9
103,1,1,9
103,1,1,9
103,1,1,9
103,1,1,9
103,1,1,9
104,1,1,9
104,1,1,9
104,1,1,9
104,1,1,9
104,1,1,9
105,1,1,9
105,1,1,9
105,1,1,9
105,1,1,9
105,1,1,9
106,1,1,9
106,1,1,9
106,1,1,9
106,1,1,9
106,1,1,9
107,1,1,9
107,1,1,9
107,1,1,9
107,1,1,9
107,1,1,9
108,1,1,9
108,1,1,9
108,1,1,9
108,1,1,9
108,1,1,9
109,1,1,9
109,1,1,9
109,1,1,9
109,1,1,9
109,1,1,9
110,1,1,9
110,1,1,9
110,1,1,9
110,1,1,9
110,1,1,9
111,1,1,9
111,1,1,9
111,1,1,9
111,1,1,9
111,1,1,9
112,1,1,9
112,1,1,9
112,1,1,9
112,0,0,9
112,0,0,9
113,0,0,9
113,0,0,9
113,0,0,9
113,0,0,9
113,0,0,9
114,0,0,9
114,0,0,9
114,0,0,9
114,0,0,9
114,0,0,9
115,0,0,9
115,0,0,9
115,0,0,9
115,0,0,9
115,0,0,9
116,0,0,9
116,0,0,9
116,0,0,9
116,0,0,9
116,0,0,9
117,0,0,9
117,0,0,9
117,0,0,9
117,0,0,9
117,0,0,9
118,0,0,9
118,0,0,9
118,0,0,9
118,0,0,9
118,0,0,9
119,0,0,9
119,0,0,9
119,0,0,9
119,0,0,9
119,0,0,9
120,0,0,9
120,0,0,9
120,0,0,9
120,1,1,9
120,1,1,9
121,1,1,9
121,1,1,9
121,1,1,9
121,1,1,9
121,1,1,9
122,1,1,9
122,1,1,9
122,1,1,9
122,1,1,9
122,1,1,9
123,1,1,9
123,1,1,9
123,1,1,9
123,1,1,9
123,1,1,9
124,0,0,9
124,0,0,9
124,0,0,9
124,0,0,9
124,0,0,9
125,0,0,9
125,0,0,9
125,0,0,9
125,0,0,9
125,0,0,9
126,0,0,9
126,0,0,9
126,0,0,9
126,0,0,9
126,0,0,9
127,0,0,9
127,0,0,9
127,1,0,9
127,0,0,9
127,0,0,9
128,0,0,9
128,0,0,9
128,0,0,9
128,0,0,9
128,0,0,9
129,1,0,9
129,0,0,9
129,0,0,9
129,1,0,9
129,0,0,9
130,0,0,9
130,0,0,9
130,0,0,9
130,0,0,9
130,0,0,9
131,0,0,9
131,0,0,9
131,0,0,9
131,0,0,9
131,0,0,9
132,1,0,9
132,0,0,9
132,0,0,9
132,0,0,9
132,0,0,9
133,1,0,9
133,1,1,9
133,1,1,9
133,1,1,9
133,1,1,9
134,1,1,9
134,1,1,9
134,1,1,9
134,1,1,9
134,1,1,9
135,1,1,9
135,1,1,9
135,1,1,9
135,1,1,9
135,1,1,9
136,1,1,9
136,1,1,9
136,1,1,9
136,1,1,9
136,1,1,9
137,1,1,9
137,1,1,9
137,1,1,9
137,1,1,9
137,1,1,9
138,0,0,9
138,0,0,9
138,0,0,9
138,0,0,9
138,1,0,9
139,1,0,9
139,0,0,9
139,0,0,9
139,1,0,9
139,1,0,9
140,0,0,9
140,0,0,9
140,1,0,9
140,0,0,9
140,1,0,9
141,0,0,9
141,0,0,9
141,1,0,9
141,1,0,9
141,0,0,9
142,0,0,9
142,0,0,9
142,0,0,9
142,0,0,9
142,1,0,9
143,0,0,9
143,1,0,9
143,0,0,9
143,0,0,9
143,0,0,9
144,0,0,9
144,0,0,9
144,0,0,9
144,1,0,9
144,0,0,9
145,0,0,9
145,0,0,9
145,1,1,9
145,1,1,9
145,1,1,9
146,1,1,9
146,1,1,9
146,1,1,9
146,0,0,9
146,0,0,9
147,1,0,9
147,0,0,9
147,0,0,9
147,1,0,9
147,0,0,9
148,0,0,9
148,1,0,9
148,0,0,9
148,0,0,9
148,0,0,9
149,0,0,9
149,0,0,9
149,0,0,9
149,0,0,9
149,1,0,9
150,1,0,9
150,0,0,9
150,0,0,9
150,0,0,9
150,1,0,9
151,1,1,9
151,1,1,9
151,1,1,9
151,1,1,9
151,1,1,9
152,1,1,9
152,1,1,9
152,1,1,9
152,1,1,9
152,1,1,9
153,1,1,9
